source_hex,locked_hex
#000000,#000000
#000024,#000028
#000028,#000028
#00002C,#00002C
#000030,#000034
#000033,#000034
#000034,#000034
#000037,#000034
#000038,#000034
#00003B,#000040
#00003C,#000040
#000040,#000040
#000048,#000048
#00004C,#000050
#000050,#000050
#000054,#000050
#000060,#000064
#000064,#000064
#00006B,#000064
#000078,#000080
#000080,#000080
#000086,#00008C
#000088,#00008C
#00008B,#00008C
#00008C,#00008C
#00009C,#00009C
#0000B4,#2C00AC
#0000C4,#0000CD
#0000CD,#0000CD
#0000DC,#0000E0
#0000E0,#0000E0
#0000FF,#0000FF
#000733,#00002C
#000C14,#000C14
#000C3C,#000034
#00137C,#071579
#001A00,#001C00
#001B00,#001C00
#001C00,#001C00
#001C04,#001C00
#001E00,#001C00
#001F5C,#001F5C
#002008,#001C00
#00243C,#00243C
#00248C,#00248C
#002699,#00248C
#002814,#002814
#002859,#002859
#002C04,#002C04
#002C18,#002814
#002C4C,#112F4B
#002C70,#002C70
#002CC0,#002EB8
#002EB8,#002EB8
#003000,#003000
#003014,#003014
#003074,#003478
#003478,#003478
#003800,#003800
#003807,#003800
#003820,#003820
#003C00,#004000
#003C14,#003C14
#003C24,#003820
#003C28,#003C28
#003C64,#003C64
#003C96,#003C9C
#003C9C,#003C9C
#003EFF,#003EFF
#003F87,#004080
#004000,#004000
#00400C,#004000
#004028,#004028
#004080,#004080
#004428,#004428
#0044A8,#003C9C
#004600,#004800
#004710,#004710
#004800,#004800
#004810,#004710
#004828,#004828
#004878,#004878
#004A2F,#005030
#004B11,#004710
#004C00,#004C00
#004C10,#005010
#004C2C,#005030
#004C40,#165041
#004F00,#004C00
#004F15,#005010
#005010,#005010
#005020,#005020
#005028,#005028
#00502C,#005028
#005030,#005030
#005044,#005448
#0051B6,#0051B6
#00540C,#005814
#00542C,#005834
#005430,#005834
#005448,#005448
#00546C,#145064
#005480,#105880
#005800,#005800
#005814,#005814
#005830,#005834
#005834,#005834
#005C20,#005C20
#005C30,#005C30
#005C34,#005C30
#006038,#00643C
#006080,#006080
#00611C,#00611C
#006400,#006400
#006428,#006428
#006438,#00643C
#00643C,#00643C
#0064AC,#0064AC
#006633,#006633
#006699,#006699
#006818,#006818
#00683C,#00643C
#00688B,#00688B
#006B54,#006B54
#006C3C,#006C3C
#006C40,#006C3C
#006E21,#006E21
#00701C,#006E21
#007040,#006C3C
#007418,#007418
#007460,#007460
#007800,#007800
#00781C,#007418
#007844,#007844
#007C00,#007C00
#007FFF,#007FFF
#008000,#008000
#00801C,#00801C
#008040,#008440
#008080,#008080
#0080FF,#007FFF
#00841C,#00881C
#008440,#008440
#008800,#008B00
#00881C,#00881C
#008B00,#008B00
#008B45,#008B45
#008C54,#008C54
#009020,#228B22
#009420,#009420
#009468,#009468
#009894,#0098A0
#009898,#0098A0
#0098A0,#0098A0
#009900,#009900
#0099CC,#0099CC
#009C24,#009C24
#00A0AC,#00A0AC
#00A424,#00A424
#00AF33,#30AC38
#00B8B4,#00B8B4
#00C814,#00C814
#00C8C8,#00C8C8
#00C957,#00C957
#00CCD0,#00C8C8
#00FA9A,#00FA9A
#00FCFC,#00FCFC
#010512,#010512
#0163AC,#1860A8
#016817,#006818
#030303,#000000
#034A10,#004710
#03522B,#005028
#040470,#1C0070
#04082F,#00002C
#044028,#004028
#048888,#048888
#05132F,#05132F
#052F14,#003014
#05601A,#00611C
#0596FA,#0596FA
#061D37,#061D37
#06392B,#06392B
#067396,#067396
#071579,#071579
#07648C,#07648C
#080020,#080020
#080848,#080848
#081408,#081408
#081736,#05132F
#082C54,#002859
#083C60,#003C64
#084848,#084848
#085454,#0C5454
#085E23,#006428
#087020,#006E21
#0A0336,#0A0336
#0A648C,#07648C
#0B148E,#0B148E
#0B3A6E,#0D3B6D
#0B5027,#005028
#0C003C,#0C003C
#0C0C04,#0C0C04
#0C5454,#0C5454
#0C5488,#105088
#0C585C,#0C585C
#0C5880,#105880
#0CDCB4,#0CDCB4
#0D3B6D,#0D3B6D
#0E1014,#0E1014
#0F1F53,#0F1F53
#0F3C6E,#0D3B6D
#0F4176,#004080
#101010,#101010
#10101A,#10101A
#101034,#101034
#103010,#103010
#103848,#103848
#1044C0,#3048B4
#104C20,#154D1E
#105088,#105088
#105880,#105880
#1068A4,#1068A4
#10712E,#10712E
#111214,#0E1014
#112F4B,#112F4B
#113C8B,#113C8B
#120A01,#120A01
#120D0D,#141010
#123D59,#123D59
#124B24,#124B24
#124D36,#1A5137
#141010,#141010
#141414,#101010
#14143C,#101034
#141E46,#141E46
#142814,#142814
#14283C,#14283C
#14465C,#14465C
#144800,#184800
#14492D,#14492D
#145024,#154D1E
#145064,#145064
#146400,#146400
#1464B4,#1860A8
#1464F4,#1464F4
#1474B4,#1474B4
#154D1E,#154D1E
#165041,#165041
#172D60,#172D60
#180060,#180064
#180064,#180064
#181034,#181034
#181818,#1C1C1C
#182058,#0F1F53
#184458,#14465C
#184800,#184800
#184C00,#184800
#184C20,#124B24
#1860A8,#1860A8
#1870A4,#1870A4
#1874CD,#1874CD
#1888D8,#1888D8
#191970,#191970
#1A2B47,#1A2B47
#1A5137,#1A5137
#1B2401,#1B2401
#1B835D,#1B835D
#1C0000,#1C0000
#1C002C,#1C0030
#1C0030,#1C0030
#1C0070,#1C0070
#1C1714,#1C1714
#1C1C1C,#1C1C1C
#1C1C50,#1C1C50
#1C2448,#1C2448
#1C3054,#1C3054
#1C3C00,#204000
#1C4C60,#1C4C60
#1C5420,#285828
#1C5627,#285828
#1C6894,#006699
#1CC0CC,#00C8C8
#1E1414,#1E1414
#1E2025,#1E2025
#1E2925,#1E2925
#1E492B,#1E492B
#1E90FF,#1E90FF
#1F5ABA,#1F5ABA
#20001C,#20001C
#20008C,#00008C
#202020,#1C1C1C
#202040,#202044
#202044,#202044
#202060,#202060
#202460,#202060
#203074,#203078
#203078,#203078
#203870,#2A3C78
#203B27,#203B27
#204000,#204000
#20483C,#20483C
#204844,#204844
#206058,#206058
#206084,#206084
#206898,#006699
#2074A8,#1870A4
#207C58,#207C58
#208414,#208414
#20943C,#20943C
#212160,#202060
#213E66,#213E66
#21412D,#21412D
#215E4E,#215E4E
#228B22,#228B22
#230000,#230000
#23321B,#23321B
#233634,#233634
#23613C,#23613C
#236B8E,#236B8E
#237F97,#237F97
#238E68,#238E68
#240094,#00009C
#242468,#202060
#242470,#242470
#24335A,#1C3054
#243C6C,#243C6C
#247078,#247078
#2474B4,#1474B4
#2474E8,#2474E8
#2474EB,#2474E8
#248034,#248034
#255210,#255210
#256527,#256527
#262753,#282850
#271B86,#271B86
#27371D,#23321B
#273F2A,#203B27
#27408B,#2C4084
#280032,#280032
#280034,#280032
#28003C,#28003C
#2800A4,#2C00AC
#2800A8,#2C00AC
#28140C,#28140C
#281414,#281414
#282828,#282828
#28283C,#2C2C44
#282850,#282850
#282878,#2C2C80
#28287C,#2C2C80
#2828C8,#2828C8
#283854,#283854
#283890,#283890
#283C00,#283C00
#283C24,#203B27
#283C50,#283C50
#284C64,#284C64
#285800,#285800
#285828,#285828
#28648D,#346488
#287438,#307840
#287828,#287828
#288028,#288028
#28802C,#288028
#2888B8,#2888B8
#2888C4,#2888C4
#288CC8,#2888C4
#289C18,#289C18
#28AE7B,#28AE7B
#292929,#282828
#2A2303,#2A2303
#2A230C,#2A230C
#2A3C78,#2A3C78
#2B0064,#2B0064
#2B2A2A,#282828
#2B3F84,#2C4084
#2C00AC,#2C00AC
#2C2C44,#2C2C44
#2C2C80,#2C2C80
#2C2C84,#2C2C80
#2C3878,#2A3C78
#2C3C40,#2C3C40
#2C3C44,#304048
#2C3C98,#38409C
#2C4084,#2C4084
#2C40A0,#38409C
#2C4C68,#2C4C68
#2C4E75,#2C4E75
#2C5C44,#2C5C44
#2C6464,#2C6464
#2C6C80,#2C6C80
#2C7854,#207C58
#2CA418,#2CA418
#2D2D2D,#282828
#2D3743,#2D3743
#2D376C,#2D376C
#2D695F,#2D695F
#2D8ACD,#1888D8
#2E2528,#2E2528
#2E8B57,#2E8B57
#2F0D0A,#2F0D0A
#2F2F4F,#2F2F4F
#2F4F2F,#2F4F2F
#2F4F4F,#2F4F4F
#301130,#301130
#303070,#303070
#303094,#343498
#304048,#304048
#3048B4,#3048B4
#304C78,#304C78
#305470,#305470
#306048,#30644C
#306084,#306084
#3063A5,#3063A5
#30644C,#30644C
#3070FC,#3474FC
#307840,#307840
#307CB8,#307CB8
#309C18,#289C18
#30AC38,#30AC38
#311F11,#311F11
#31443E,#31443E
#314B30,#314B30
#31694A,#31694A
#318CE7,#318CE7
#321308,#321308
#324114,#324114
#324E75,#304C78
#330099,#3C0096
#334E3D,#334E3D
#335280,#335280
#3366CC,#3366CC
#33A1C9,#33A1C9
#340034,#3F0035
#3400D0,#0000E0
#343400,#343400
#343434,#343434
#343494,#343498
#343498,#343498
#34349C,#343498
#344054,#344054
#344454,#344454
#34445C,#34445C
#344870,#344870
#344C14,#344C14
#345064,#345064
#345460,#345460
#345C74,#3C5C70
#346488,#346488
#346860,#2D695F
#346C50,#31694A
#347400,#347400
#3474FC,#3474FC
#347800,#397D02
#347C3C,#347C3C
#351E14,#351E14
#355F3B,#355F3B
#36648B,#346488
#36924F,#36924F
#373875,#373875
#377149,#3E6F48
#379313,#379313
#380474,#380474
#381C0C,#381C0C
#382074,#382074
#383F44,#383F44
#384020,#384020
#38409C,#38409C
#3850C8,#3850C8
#38558F,#38558F
#385C70,#3C5C70
#3874C4,#3C78C8
#387858,#387858
#38885C,#38885C
#393939,#3C3C3C
#3953B5,#3953B5
#397D02,#397D02
#3A3532,#3A3532
#3A4F8E,#3A4F8E
#3B522F,#3B522F
#3B5554,#3B5554
#3C0000,#3C0000
#3C0014,#3C0014
#3C0096,#3C0096
#3C2010,#3C2010
#3C3C3C,#3C3C3C
#3C3C60,#3C3C60
#3C3C64,#3C3C60
#3C3CB4,#3C3CB4
#3C405C,#3F4059
#3C5470,#3C5470
#3C5C70,#3C5C70
#3C5CA8,#3C5CA8
#3C6040,#355F3B
#3C6838,#3C6838
#3C68AC,#3C68AC
#3C7828,#3C7828
#3C7846,#307840
#3C78C8,#3C78C8
#3C82AF,#3C82AF
#3C8CFC,#3C8CFC
#3C94D4,#3C94D4
#3CC83C,#3CC83C
#3D1130,#3D1130
#3D2E60,#3D2E60
#3D3134,#3D3134
#3D8B37,#3D8B37
#3E647A,#40647C
#3E6F48,#3E6F48
#3F0035,#3F0035
#3F0FFE,#3F0FFE
#3F4059,#3F4059
#3F4441,#3F4441
#3F4B60,#3F4B60
#400040,#440044
#402A21,#402A21
#403828,#403828
#404040,#3C3C3C
#404C64,#3F4B60
#405068,#405068
#405460,#405460
#405C34,#405C34
#405C80,#405C80
#405C88,#405C80
#406054,#406054
#406454,#406454
#40647C,#40647C
#407040,#407040
#40748C,#40748C
#4074A4,#4074A4
#40783C,#447438
#4078A4,#4074A4
#407C34,#447C34
#408060,#408060
#40A040,#40A040
#40C440,#3CC83C
#41418C,#41418C
#414C6C,#414C6C
#4169E1,#4169E1
#426581,#40647C
#427E89,#427E89
#433A5A,#433A5A
#43A5A0,#43A5A0
#440044,#440044
#441800,#441800
#443048,#443048
#443428,#443428
#443C3C,#3A3532
#444444,#3C3C3C
#44481C,#44481C
#444847,#444847
#445080,#445080
#445464,#445464
#445C24,#445C24
#446428,#446428
#446C84,#446C84
#447084,#40748C
#447438,#447438
#447C34,#447C34
#447C38,#447C34
#448C28,#448C28
#44A054,#44A054
#452700,#482800
#453128,#453128
#4682B4,#4682B4
#473C8B,#473C8B
#47426A,#47426A
#480048,#440044
#480800,#480800
#480C3C,#480C3C
#481860,#4C1864
#481C04,#441800
#481C40,#481C40
#482800,#482800
#4830A0,#4830A0
#483824,#483824
#484800,#484800
#484848,#4A4A4A
#484C68,#484C68
#485074,#485074
#485444,#485444
#48587C,#48587C
#486373,#486373
#486934,#486934
#487044,#487048
#487048,#487048
#4876FF,#4876FF
#487731,#507830
#48783C,#447438
#48788C,#48788C
#4880A8,#3C82AF
#4888BC,#488CC0
#488CC0,#488CC0
#48A4C0,#48A4C0
#49653F,#49653F
#497681,#497681
#4A4464,#4A4464
#4A4A4A,#4A4A4A
#4A708B,#4A708B
#4A7472,#4A7472
#4B0082,#4B0082
#4B2E24,#4B2E24
#4B2F16,#4B2F16
#4B3971,#4B3971
#4B6F4B,#487048
#4C0000,#4C0000
#4C004C,#500050
#4C0C28,#4C0C28
#4C1864,#4C1864
#4C2424,#4C2424
#4C2874,#4C2874
#4C3400,#4C3400
#4C3428,#4C3428
#4C4C4C,#4A4A4A
#4C5068,#4C5068
#4C5478,#485074
#4C5484,#445080
#4C6784,#506987
#4C6840,#49653F
#4C6878,#506878
#4C84C4,#4C84C4
#4CA4D8,#4CA4D8
#500000,#4C0000
#500050,#500050
#50044C,#500050
#501400,#501400
#501414,#501414
#501464,#4C1864
#502814,#502814
#503C14,#503C14
#503C28,#503C28
#504992,#504992
#505028,#505028
#505050,#505050
#50507C,#50507C
#505444,#505444
#505874,#505874
#506078,#506078
#506464,#506464
#506494,#506494
#5064A0,#506494
#506878,#506878
#506880,#506880
#506987,#506987
#506B71,#506B71
#50729F,#50729F
#507830,#507830
#50783C,#50783C
#507C94,#507C94
#50818E,#50818E
#508844,#508844
#509721,#509721
#50A050,#44A054
#51200F,#51200F
#522720,#522720
#523E60,#523E60
#525014,#525014
#53326B,#53326B
#541C0C,#51200F
#54204C,#542050
#542050,#542050
#542470,#542470
#542850,#542850
#543858,#543858
#54585C,#54585C
#546488,#546488
#547C73,#547C73
#549C68,#549C68
#54B8B8,#54B8B8
#54CC00,#54CC00
#551A8B,#551A8B
#555555,#505050
#575757,#5C5C5C
#576982,#576982
#581C24,#581C24
#583014,#583014
#5838A4,#5838A4
#585858,#5C5C5C
#585C20,#585C20
#586478,#586478
#587478,#587478
#58788C,#58788C
#587C40,#587C40
#589454,#589454
#589C5C,#589C5C
#58BC60,#58BC60
#58BC70,#58BC70
#5A008C,#5A008C
#5A1C38,#5A1C38
#5A5A82,#5A5A82
#5A5A96,#5A5A96
#5A601E,#585C20
#5A6E90,#5A6E90
#5B360B,#5B360B
#5B3A15,#5B360B
#5B5B5B,#5C5C5C
#5C005C,#640064
#5C4033,#5C4033
#5C4494,#5C4494
#5C5C5C,#5C5C5C
#5C6428,#5C6428
#5C748C,#5C748C
#5C8C30,#608C36
#5C8CA8,#5C8CA8
#5C98BC,#5C98BC
#5CAC84,#5CAC84
#5D0F04,#5D0F04
#5D1913,#5D1913
#5D1B36,#5A1C38
#5D321F,#5D321F
#5EA0F4,#64A0F0
#5F7490,#5F7490
#5F749C,#5F749C
#5F9EA0,#5F9EA0
#600060,#640064
#6000DC,#6000DC
#60082C,#60082C
#603030,#603030
#603311,#64340C
#603800,#603800
#604000,#604000
#604C00,#604C00
#606000,#606000
#606060,#606060
#6060C8,#6060C8
#60707C,#60707C
#607C88,#607C88
#6080E0,#6080E0
#608C36,#608C36
#608C9C,#608C9C
#608CA4,#5C8CA8
#60949C,#60949C
#6098B4,#6098B4
#6299B7,#6098B4
#640000,#640000
#64003C,#64003C
#640054,#640054
#640064,#640064
#64008C,#64008C
#6400E0,#6000DC
#640267,#640064
#640C1C,#640C1C
#642000,#642000
#64340C,#64340C
#644824,#644824
#644C60,#644C60
#645541,#645541
#646464,#646464
#646C64,#646C64
#646F5E,#646F5E
#6478B0,#667AA3
#647C00,#647C00
#648070,#648070
#6480AC,#6480AC
#6484E8,#6080E0
#648860,#648860
#648894,#648894
#64889C,#64889C
#649848,#649848
#64A0F0,#64A0F0
#64B0E0,#64B0E0
#663300,#663300
#666666,#646464
#667AA3,#667AA3
#669900,#669900
#669999,#669999
#680028,#680028
#68205C,#68205C
#683C10,#683C10
#683C66,#683C66
#683C8C,#683C8C
#684038,#684038
#684074,#684074
#6840FC,#6840FC
#685838,#685838
#686868,#696969
#687DA7,#667AA3
#688038,#688038
#688898,#64889C
#688C28,#688C28
#688C98,#648894
#688CA4,#688CA4
#68C060,#68C060
#69674D,#69674D
#696969,#696969
#6A1058,#6A1058
#6A5E47,#6A5E47
#6AA28C,#6AA28C
#6B8A96,#648894
#6C0000,#6C0000
#6C006C,#6C0070
#6C0070,#6C0070
#6C0800,#6C0000
#6C2012,#6C2012
#6C2400,#6C2400
#6C5454,#6C5454
#6C6C00,#6C6C00
#6CA6CD,#6CA6CD
#6E6E6E,#707070
#6F3940,#72393F
#6F8070,#6F8070
#70000C,#70000C
#700014,#780014
#700070,#6C0070
#70142C,#70142C
#701C60,#68205C
#703200,#703200
#706420,#706420
#707070,#707070
#70714D,#70714D
#707830,#707830
#708048,#708048
#708490,#708490
#7084AC,#788CB4
#709098,#709098
#7098B4,#7098B4
#70A870,#70A870
#70A880,#70A880
#70B494,#70B494
#710000,#6C0000
#716044,#716044
#718048,#708048
#72393F,#72393F
#738182,#738182
#740010,#70000C
#740074,#780078
#743838,#743838
#744000,#784400
#744C00,#785000
#744C34,#744C34
#746078,#746078
#746440,#746440
#746450,#746450
#747C60,#747C60
#74846C,#74846C
#748888,#738182
#7490A4,#7490A4
#757547,#757547
#75786C,#75786C
#75A481,#75A481
#766123,#766123
#767E52,#767E52
#76A3B9,#76A3B9
#770676,#780078
#777733,#777733
#778899,#778899
#780000,#800000
#780014,#780014
#780028,#780028
#780078,#780078
#781C38,#781C38
#78240C,#78240C
#782828,#782828
#783080,#783080
#783C10,#783C10
#784400,#784400
#784878,#784878
#784C18,#784C18
#785000,#785000
#785050,#785050
#787878,#787878
#78788C,#78788C
#7878A8,#7878A8
#787CA8,#7878A8
#7884A0,#7884A0
#788CB4,#788CB4
#788CCC,#788CCC
#788CF0,#788CF0
#789484,#789484
#789CB4,#7098B4
#78A692,#78A692
#7995DD,#7995DD
#7A0002,#800000
#7A4178,#7C3C74
#7C0034,#7C0034
#7C045C,#7C045C
#7C2810,#78240C
#7C3C74,#7C3C74
#7C4420,#7C4420
#7C5400,#785000
#7C5428,#7C5428
#7C583C,#7C583C
#7C6044,#7C583C
#7C7C7C,#7C7C7C
#7C7D5D,#7C7D5D
#7C8679,#7C8679
#7C98BC,#7C98BC
#7CA8CC,#7CA8CC
#7CCD7C,#86C67C
#7D776B,#7D776B
#7D7D7D,#7C7C7C
#7D9EC0,#7D9EC0
#7EB6FF,#7EB6FF
#7EC0EE,#7EC0EE
#800000,#800000
#800028,#800028
#800030,#800030
#800080,#800080
#800300,#800000
#80252E,#80252E
#80507C,#80507C
#805400,#805400
#805A90,#805A90
#807080,#807080
#808080,#808080
#808834,#808834
#809850,#809850
#80A0B4,#80A0B4
#820BBB,#820BBB
#82C880,#86C67C
#82CFFD,#82CFFD
#82F5FA,#82F5FA
#832A4F,#832A4F
#840068,#840068
#843470,#843470
#843480,#843480
#843C50,#843C50
#84407C,#84407C
#845800,#805400
#845814,#845814
#846838,#886C3C
#846844,#846844
#848870,#848870
#84C0A0,#84C0A0
#858585,#888888
#861031,#8C0034
#86B0CB,#86B0CB
#86C67C,#86C67C
#86C87C,#86C67C
#871F78,#871F78
#87CEEB,#87CEEB
#87CEFA,#82CFFD
#880000,#880000
#880088,#8C008C
#88227E,#871F78
#882C4C,#832A4F
#885C00,#886000
#886000,#886000
#886024,#8C6428
#88609C,#88609C
#886C34,#8C7038
#886C3C,#886C3C
#887448,#887448
#888888,#888888
#888C48,#888C48
#889C5C,#889C5C
#88A8B8,#88A8B8
#88ACB8,#88ACB8
#89051B,#89051B
#894B18,#894B18
#8968CD,#8968CD
#8A2BE2,#8A2BE2
#8A8A8A,#8C8C8C
#8B0000,#880000
#8B2316,#8B2316
#8B4513,#8B4513
#8B5DA3,#8B5DA3
#8B6508,#886000
#8B8D8E,#8C8C8C
#8C0000,#880000
#8C0034,#8C0034
#8C008C,#8C008C
#8C1717,#8C1717
#8C1C38,#901C38
#8C201C,#8C1717
#8C5818,#8C5818
#8C5C64,#8C5C64
#8C6088,#8C6088
#8C640C,#886000
#8C6428,#8C6428
#8C7038,#8C7038
#8C8C8C,#8C8C8C
#8C90B0,#8C90B0
#8C98B8,#8C98B8
#8CA064,#889C5C
#8CDC74,#8CDC74
#8E1818,#8C1717
#8E388E,#903490
#8FAEC3,#8FAEC3
#90000C,#90000C
#900090,#8C008C
#901C1C,#8C1717
#901C38,#901C38
#903490,#903490
#9050D8,#9050D8
#9058D8,#9058D8
#905966,#905966
#906C00,#906C00
#906C50,#906C50
#907048,#907048
#907B53,#907B53
#907C80,#907C80
#9080B8,#9080B8
#909090,#949494
#90B8D0,#90B8D0
#911A1B,#8C1717
#919441,#919441
#92130D,#90000C
#930601,#960000
#940000,#960000
#940094,#8C008C
#940545,#980044
#943030,#97342F
#944090,#944090
#944CB8,#944CB8
#946880,#946880
#947040,#947040
#949494,#949494
#949C40,#949C40
#94ACB8,#94ACB8
#94ACC4,#94ACC4
#94ACFC,#94ACFC
#95765B,#95765B
#960000,#960000
#960028,#960028
#963C0F,#963C0F
#96963C,#919441
#96C8A2,#96C8A2
#97342F,#97342F
#97967D,#97967D
#979797,#949494
#980000,#960000
#980044,#980044
#9800A0,#9800A0
#981C70,#981C70
#982428,#A02828
#982C2C,#97342F
#983020,#983020
#98481C,#98481C
#985428,#985428
#9874A8,#9874A8
#9874AC,#9874A8
#98B0FC,#94ACFC
#98B480,#98B480
#98C8E8,#98C8E8
#98D0F0,#98D0F0
#990000,#960000
#99182C,#99182C
#9932CC,#9932CC
#996600,#996600
#9C0000,#A00000
#9C0030,#9C0030
#9C2430,#A42430
#9C2828,#A02828
#9C589C,#9C589C
#9C68A4,#9C68A4
#9C70B8,#9874A8
#9C7438,#9C7438
#9C8000,#9C8000
#9C8098,#9C8098
#9C9C00,#9C9C00
#9CA8B0,#9CA8B0
#9CACB8,#9CACB8
#9CB0A8,#9CB0A8
#9D2123,#A02828
#9E0508,#A00000
#9E3552,#9E3552
#9E411F,#9E411F
#9EAFDB,#9EAFDB
#9F5F9F,#9F5F9F
#A00000,#A00000
#A00024,#A00024
#A00028,#A00024
#A00048,#A00048
#A000F0,#A000F0
#A01D69,#A01D69
#A02828,#A02828
#A03030,#A02828
#A03400,#A03400
#A05028,#A05028
#A060BC,#A060BC
#A06400,#A06400
#A0783C,#A0783C
#A07C00,#A07C00
#A07C58,#A07C58
#A08400,#9C8000
#A08858,#A08858
#A08C28,#A08C28
#A08C50,#A08858
#A08CB0,#A08CB0
#A0A0A0,#A0A0A0
#A0A0DC,#A8ACE8
#A0AFE7,#A0AFE7
#A0B8A4,#A0B8A4
#A0C0FF,#A0C0FF
#A2A093,#A2A093
#A3262A,#A02828
#A32D18,#A32D18
#A37A28,#A37A28
#A40000,#A00000
#A4003C,#AC0040
#A40800,#A00000
#A40B00,#A00000
#A42430,#A42430
#A43000,#A03400
#A43024,#A43024
#A43454,#9E3552
#A43C14,#A43C14
#A45098,#A45098
#A46000,#A46000
#A474E0,#A474E0
#A47800,#A47800
#A47C00,#A88000
#A49468,#A49468
#A4B4CC,#A4B4CC
#A4C8AC,#A5CDB4
#A4CC74,#A4CC74
#A51805,#A51805
#A52B05,#A52B05
#A58065,#A58065
#A5AFB8,#A5AFB8
#A5CDB4,#A5CDB4
#A60202,#A00000
#A62A2A,#AC292C
#A67D3D,#A67D3D
#A6A8A5,#A6A8A5
#A80000,#A00000
#A80020,#A80020
#A80030,#A80030
#A83000,#B03000
#A8608C,#A8608C
#A86C1C,#A86C1C
#A86C2C,#A86C2C
#A87448,#A87448
#A88000,#A88000
#A88C58,#A88C58
#A89448,#A89448
#A89480,#A89480
#A8A098,#A8A098
#A8A834,#A8A834
#A8ACE8,#A8ACE8
#A90725,#A80020
#A99C8B,#A99C8B
#A9A0A0,#A9A0A0
#A9A9A9,#ACACAC
#AA00FF,#AA00FF
#AA3746,#AA3746
#ABCDD9,#ABCDD9
#AC0000,#B00000
#AC0034,#A80030
#AC0040,#AC0040
#AC201C,#B22222
#AC292C,#AC292C
#AC3420,#B03929
#AC7F24,#AC7F24
#ACACAC,#ACACAC
#ACAD9F,#ACAD9F
#ACB884,#ACB884
#ADBEE9,#ADBEE9
#AF0013,#AF0013
#AF011C,#AF011C
#AFB8BB,#AFB8BB
#B00000,#B00000
#B00024,#A80020
#B000B0,#B000B0
#B0171F,#B22222
#B03000,#B03000
#B03929,#B03929
#B04800,#B04800
#B07064,#B07064
#B07430,#B07430
#B0781C,#B47820
#B0840C,#B0840C
#B09400,#B89800
#B0986C,#B0986C
#B09C00,#BCA010
#B0A458,#B0A458
#B0B0B0,#B0B0B0
#B0B430,#B0B430
#B0DEDF,#B0DEDF
#B0E2FF,#B0E2FF
#B13836,#B13836
#B13E0F,#B13E0F
#B22222,#B22222
#B40000,#B00000
#B41C34,#B41C34
#B42864,#B42864
#B43448,#B43C50
#B43C00,#B13E0F
#B43C50,#B43C50
#B44440,#B44440
#B45050,#B45050
#B45844,#CC4438
#B458AC,#B458AC
#B45C6C,#B45C6C
#B46800,#B46800
#B468AC,#B468AC
#B47820,#B47820
#B49440,#B49440
#B49830,#B49830
#B4B1B3,#B4B1B3
#B4B488,#B6BE8F
#B4BCC0,#AFB8BB
#B4BEE6,#B4BEE6
#B4D4EC,#B4D4EC
#B5B5D5,#B5B5D5
#B62531,#B62531
#B6BE8F,#B6BE8F
#B6DF1A,#B6DF1A
#B80000,#B80000
#B80478,#B80478
#B81400,#B80000
#B82C28,#BD2125
#B84C00,#B84C00
#B894BC,#B894BC
#B89800,#B89800
#B8A47C,#B8A47C
#B8A82C,#B8A82C
#B8A87C,#BCA878
#B8AC30,#B8A82C
#B8B8B8,#B8B8B8
#B8C4C8,#B8C4C8
#B8C8D4,#B8C8D4
#B8DCC8,#B8DCC8
#B966AE,#B468AC
#BB62CE,#BB62CE
#BC1828,#BD2125
#BC4C10,#C04C08
#BC8C00,#BC8C00
#BC9038,#BE8F2C
#BCA010,#BCA010
#BCA06C,#BCA06C
#BCA878,#BCA878
#BCAC6C,#BCAC6C
#BCC090,#B6BE8F
#BCC41C,#BCC41C
#BD0000,#B80000
#BD2125,#BD2125
#BD3341,#BD3341
#BDBD65,#BDBD65
#BE7832,#BE7832
#BE8F2C,#BE8F2C
#BE9650,#C09458
#C00000,#B80000
#C02000,#C02000
#C03824,#C03824
#C04094,#C04094
#C04C04,#C04C08
#C04C08,#C04C08
#C06430,#C06430
#C07468,#C07468
#C09458,#C09458
#C09898,#C09898
#C0A494,#C0A494
#C0C0C0,#C0C0C0
#C0C4A0,#C0C4A0
#C0C8CC,#C0C8CC
#C2761D,#C87814
#C40000,#C80000
#C40400,#C80000
#C464FA,#C464FA
#C46864,#C46864
#C47000,#C47000
#C48800,#C88C00
#C49400,#C89800
#C49C00,#C49C00
#C49CD8,#C49CD8
#C4A000,#C49C00
#C4AC88,#C4AC88
#C4B48C,#C4B48C
#C4B888,#C4B888
#C4BC68,#C4BC68
#C4C4C4,#C4C4C4
#C71585,#C71585
#C80000,#C80000
#C80028,#C80028
#C8002C,#C8002C
#C80050,#C80050
#C82800,#C82800
#C82828,#C82828
#C83000,#C82800
#C83C28,#C83C28
#C85858,#D05054
#C87018,#C87018
#C87058,#C87058
#C87814,#C87814
#C88C00,#C88C00
#C89600,#C89800
#C89664,#C89664
#C89800,#C89800
#C8A000,#C49C00
#C8A050,#C8A050
#C8A400,#CCA800
#C8A818,#CCA800
#C8BC94,#C8BC94
#C8C44C,#C8C44C
#C8C8C8,#C8C8C8
#C8D8DC,#C8D8DC
#C8DCE0,#C8D8DC
#C8E040,#C8E040
#C9C9C9,#C8C8C8
#CA2625,#C82828
#CB15AB,#CB15AB
#CB2610,#CB2610
#CBC1A4,#CBC1A4
#CC1100,#CD0000
#CC4438,#CC4438
#CC7A00,#C87814
#CC8024,#CC8024
#CC99FF,#CC99FF
#CCA800,#CCA800
#CCBAAF,#CCBAAF
#CCC098,#C8BC94
#CCC7AD,#CCC7AD
#CCD8E4,#CCD8E4
#CD0000,#CD0000
#CD3700,#CD3700
#CD3731,#D03034
#CD5555,#D05054
#CDAD00,#CDAD00
#CECECE,#D0D0D0
#D02090,#D02090
#D03034,#D03034
#D05054,#D05054
#D054A4,#D054A4
#D07878,#D07878
#D07C00,#D87C00
#D09000,#C88C00
#D0908C,#D0908C
#D09800,#D09800
#D09C34,#D19D2C
#D0B06C,#D0B06C
#D0B404,#D0B404
#D0B480,#D0B480
#D0B87C,#D0B87C
#D0C4B4,#D0C4B4
#D0C888,#D0C888
#D0CC74,#D4D07C
#D0D0A8,#D0D0A8
#D0D0D0,#D0D0D0
#D0D40C,#D0D40C
#D10000,#D40000
#D19D2C,#D19D2C
#D24D46,#D24D46
#D2D2D2,#D0D0D0
#D3CC20,#D3CC20
#D3D3D3,#D0D0D0
#D40000,#D40000
#D4380C,#D4380C
#D4D07C,#D4D07C
#D4D0B4,#D4D0B4
#D4D44E,#D4D44E
#D4D4D4,#D0D0D0
#D4DCE0,#D4DCE0
#D4E8F4,#D4E8F4
#D5AA02,#D8B000
#D60619,#D60619
#D6BEB4,#D6BEB4
#D7A0B5,#D7A0B5
#D82819,#DD1212
#D85C28,#D85C28
#D87000,#D87000
#D87C00,#D87C00
#D8A028,#D19D2C
#D8A810,#D8A810
#D8B000,#D8B000
#D8C0A4,#D8C0A4
#D8C4F0,#D8C4F0
#D8C800,#D8C800
#D8C888,#D8C888
#D8CCE0,#D8CCE0
#D8D078,#D4D07C
#D8D0D0,#D8D0D0
#D8D34C,#D4D44E
#D8D898,#D8D898
#D8E8E8,#D8E8E8
#D91828,#D91828
#D9B152,#D9B152
#DA412D,#DA412D
#DA70D6,#DA70D6
#DAA520,#DAA520
#DB2929,#DB2929
#DC0000,#DC0000
#DC143C,#DC143C
#DC4038,#DC4038
#DC5078,#DC5078
#DC943C,#DC943C
#DCB824,#DCB824
#DCBC00,#DCBC00
#DCC000,#DCBC00
#DCC010,#DCBC00
#DCECF4,#DCECF4
#DD0000,#DC0000
#DD1212,#DD1212
#DDD5AF,#DDD5AF
#DEB887,#DEB887
#DF3037,#DF3037
#DFAF00,#DFAF00
#DFDFDF,#E0E0E0
#E02CB8,#E02CB8
#E08070,#E08070
#E09CA0,#E09CA0
#E0A126,#E0A126
#E0B000,#DFAF00
#E0DCE0,#E0DCE0
#E0E0A0,#D8D898
#E0E0E0,#E0E0E0
#E11B28,#DB2929
#E13200,#E13205
#E13205,#E13205
#E1B609,#D8B000
#E1F231,#E1F231
#E2AF2C,#E2AF2C
#E3170D,#E3170D
#E32636,#DF3037
#E43418,#E43418
#E4CCA4,#E4CCA4
#E4E0B8,#E4E0B8
#E4E4E4,#E0E0E0
#E5E0D2,#E5E0D2
#E6B426,#E2AF2C
#E8091A,#EC0416
#E86000,#E86000
#E87878,#E87878
#E89800,#EE9A00
#E8A800,#ECB034
#E8C000,#E8C000
#E8CCB8,#E8CCB8
#E8D468,#E8D468
#E8DC14,#F0E200
#E8DDCB,#E8DDCB
#E8E4D0,#E8E4D0
#E8E50C,#EEEE00
#E91009,#EE0000
#E9713C,#EC7440
#EBB790,#EBB790
#EC0416,#EC0416
#EC2804,#F03000
#EC34C4,#EC34C4
#EC3800,#F03000
#EC7440,#EC7440
#EC8048,#EC8048
#EC9898,#EC9D9D
#EC9D9D,#EC9D9D
#ECA0A0,#EC9D9D
#ECA4A4,#EC9D9D
#ECB034,#ECB034
#ECBE42,#ECBE42
#ECCCAC,#ECCCAC
#ECCCB8,#E8CCB8
#ECE8CC,#ECE8CC
#ECE8D8,#E5E0D2
#ECECAC,#F0F0B0
#ECECD8,#F0F0D8
#ECECEC,#EEEEEE
#EE0000,#EE0000
#EE9A00,#EE9A00
#EECFA1,#EECFA1
#EEE9E2,#F7F1E8
#EEEE00,#EEEE00
#EEEEEE,#EEEEEE
#EF8F06,#EF8F06
#EFE801,#EEEE00
#EFF265,#EFF265
#F00000,#EE0000
#F03000,#F03000
#F03C00,#F03000
#F06804,#E86000
#F09400,#F09400
#F09430,#F09430
#F0B440,#ECB034
#F0BCBC,#F0BCBC
#F0C400,#F0C800
#F0C800,#F0C800
#F0D0B4,#ECCCAC
#F0D8BC,#F0D8BC
#F0DA0F,#F0DA0F
#F0DCBC,#F0E0C8
#F0DCC0,#F0D8BC
#F0E0C4,#F0E0C8
#F0E0C8,#F0E0C8
#F0E200,#F0E200
#F0E8D0,#F0E8D0
#F0F0B0,#F0F0B0
#F0F0D8,#F0F0D8
#F0F0F0,#EEEEEE
#F2FD00,#F2FD00
#F43934,#FF3333
#F47420,#F47420
#F4758C,#F4758C
#F4C4C4,#F0BCBC
#F4E0C8,#F0E0C8
#F4F8C8,#F4F8C8
#F4F8D0,#F4F8D0
#F5B800,#F5B800
#F5B92F,#F5B92F
#F5D38B,#F5D38B
#F5DCA0,#F5DCA0
#F6799F,#F6799F
#F6A4D5,#F6A4D5
#F6C42B,#F6C42B
#F6EDE8,#F6EDE8
#F7F1E8,#F7F1E8
#F80000,#FF0000
#F82808,#FF0000
#F88410,#F88410
#F8B400,#F8B400
#F8E380,#F8E38C
#F8E38C,#F8E38C
#F8E4BC,#F8E4BC
#F8E8D8,#F8E8D8
#F8ECE0,#F8ECE0
#F8EEB7,#F8EEB7
#F8F0D0,#F8F0D0
#F8F0E4,#F7F1E8
#F8F4D0,#F8F4D0
#F8F8EC,#FCFCEC
#F8F8F8,#FCFCFC
#F8FCDC,#FCFCDC
#F9C75C,#F9C75C
#F9F5EF,#F9F5EF
#FA4B00,#FA4B00
#FA6496,#FA6496
#FADC00,#FADC00
#FAF82D,#FFFF00
#FAFA96,#FAFA96
#FC0040,#DF3037
#FC2020,#FC2020
#FC3000,#FC3000
#FC3800,#FC3000
#FC5000,#FA4B00
#FC8100,#F88410
#FC9494,#FC9494
#FC9898,#FC9494
#FC9CD4,#FC9CD4
#FCA098,#FCA098
#FCAC00,#FCB000
#FCB000,#FCB000
#FCB404,#F8B400
#FCC800,#FCCC00
#FCC8D8,#FCC8D8
#FCCC00,#FCCC00
#FCD116,#FCCC00
#FCDC3C,#FCDC3C
#FCE888,#F8E38C
#FCEC94,#FCEC94
#FCF8E0,#FCF8E0
#FCF8EC,#FCF8EC
#FCFC00,#FFFF00
#FCFCD4,#F4F8D0
#FCFCDC,#FCFCDC
#FCFCEC,#FCFCEC
#FCFCFC,#FCFCFC
#FCFFF0,#FCFCEC
#FDF5E6,#F7F1E8
#FEF67A,#FEF67A
#FF0000,#FF0000
#FF2400,#FC3000
#FF3333,#FF3333
#FF6666,#FF6666
#FF7163,#FF7163
#FF8000,#F88410
#FFA000,#FFA000
#FFA500,#FFA000
#FFB90F,#F8B400
#FFC125,#FFC125
#FFCC00,#FCCC00
#FFCC11,#FCCC00
#FFCCCC,#F0BCBC
#FFD700,#FFD700
#FFE1FF,#FFE1FF
#FFE303,#FFE600
#FFE400,#FFE600
#FFE600,#FFE600
#FFE700,#FFE600
#FFEA97,#FCEC94
#FFEC8B,#FCEC94
#FFF542,#FFF542
#FFF68F,#FFF68F
#FFF8D2,#F8F4D0
#FFFAFA,#FFFAFA
#FFFF00,#FFFF00
#FFFF33,#FFFF00
#FFFF80,#FFFF80
#FFFFAA,#FFFFAA
#FFFFF0,#FCFCEC
#FFFFFF,#FCFCFC
