row,hex,R,G,B,family,hue,lightness,saturation,tartans_using,pct_of_catalog,widest_block_mm,nearest_hex,nearest_deltaE,nearest_tartans
1,#000000,0,0,0,Black,0.0,0.0,0.0,367,6.77,108.5,#101010,2.73,2977
2,#1C0000,28,0,0,Black,0.0,5.5,100.0,1,0.02,3.5,#230000,3.71,1
3,#101010,16,16,16,Black,0.0,6.3,0.0,2977,54.96,138.5,#141010,2.29,2
4,#230000,35,0,0,Black,0.0,6.9,100.0,1,0.02,11.5,#1C0000,3.71,1
5,#141010,20,16,16,Black,0.0,7.1,11.1,2,0.04,23.1,#101010,2.29,2977
6,#1C1C1C,28,28,28,Black,0.0,11.0,0.0,57,1.05,83.1,#101010,3.42,2977
7,#120A01,18,10,1,Black,31.8,3.7,89.5,23,0.42,71.6,#1C1714,3.41,27
8,#2A2303,42,35,3,Black,49.2,8.8,86.7,27,0.5,75.0,#2A230C,2.18,1
9,#0C0C04,12,12,4,Black,60.0,3.1,50.0,2,0.04,48.5,#101010,3.37,2977
10,#1B2401,27,36,1,Black,75.4,7.3,94.6,1,0.02,0.6,#23321B,5.5,16
11,#001C00,0,28,0,Black,120.0,5.5,100.0,9,0.17,97.0,#142814,4.28,1
12,#081408,8,20,8,Black,120.0,5.5,42.9,1,0.02,5.2,#0C0C04,6.03,2
13,#002C04,0,44,4,Black,125.5,8.6,100.0,1,0.02,11.5,#003000,2.11,2
14,#002814,0,40,20,Black,150.0,7.8,100.0,46,0.85,78.5,#003014,3.55,21
15,#000C14,0,12,20,Black,204.0,3.9,100.0,1,0.02,2.3,#0E1014,3.52,2
16,#0E1014,14,16,20,Black,220.0,6.7,17.6,2,0.04,13.9,#101010,2.38,2977
17,#010512,1,5,18,Black,225.9,3.7,89.5,1,0.02,23.1,#10101A,2.8,3
18,#000028,0,0,40,Black,240.0,7.8,100.0,18,0.33,48.5,#00002C,1.37,26
19,#10101A,16,16,26,Black,240.0,8.2,23.8,3,0.06,2.3,#010512,2.8,1
20,#00002C,0,0,44,Black,240.0,8.6,100.0,26,0.48,55.4,#000028,1.37,18
21,#080020,8,0,32,Black,255.0,6.3,100.0,1,0.02,3.5,#000028,3.85,18
22,#20001C,32,0,28,Black,307.5,6.3,100.0,1,0.02,30.0,#301130,5.18,1
23,#282828,40,40,40,Grey,0.0,15.7,0.0,6,0.11,50.8,#1C1C1C,3.78,57
24,#343434,52,52,52,Grey,0.0,20.4,0.0,5,0.09,46.2,#3C3C3C,2.6,15
25,#3C3C3C,60,60,60,Grey,0.0,23.5,0.0,15,0.28,69.3,#343434,2.6,5
26,#4A4A4A,74,74,74,Grey,0.0,29.0,0.0,3,0.06,39.3,#505050,2.06,26
27,#505050,80,80,80,Grey,0.0,31.4,0.0,26,0.48,43.9,#4A4A4A,2.06,3
28,#5C5C5C,92,92,92,Grey,0.0,36.1,0.0,159,2.94,87.7,#606060,1.45,13
29,#606060,96,96,96,Grey,0.0,37.6,0.0,13,0.24,80.8,#5C5C5C,1.45,159
30,#646464,100,100,100,Grey,0.0,39.2,0.0,40,0.74,60.0,#606060,1.48,13
31,#696969,105,105,105,Grey,0.0,41.2,0.0,3,0.06,18.5,#646464,1.88,40
32,#707070,112,112,112,Grey,0.0,43.9,0.0,4,0.07,25.4,#696969,2.71,3
33,#787878,120,120,120,Grey,0.0,47.1,0.0,3,0.06,34.6,#7C7C7C,1.57,5
34,#7C7C7C,124,124,124,Grey,0.0,48.6,0.0,5,0.09,46.2,#808080,1.54,64
35,#808080,128,128,128,Grey,0.0,50.2,0.0,64,1.18,69.3,#7C7C7C,1.54,5
36,#888888,136,136,136,Grey,0.0,53.3,0.0,277,5.11,76.2,#8C8C8C,1.41,19
37,#8C8C8C,140,140,140,Grey,0.0,54.9,0.0,19,0.35,69.3,#888888,1.41,277
38,#949494,148,148,148,Grey,0.0,58.0,0.0,4,0.07,38.1,#8C8C8C,2.71,19
39,#A0A0A0,160,160,160,Grey,0.0,62.7,0.0,50,0.92,41.6,#A6A8A5,3.12,1
40,#A9A0A0,169,160,160,Grey,0.0,64.5,5.0,2,0.04,8.1,#A0A0A0,4.56,50
41,#ACACAC,172,172,172,Grey,0.0,67.5,0.0,7,0.13,73.9,#B0B0B0,1.13,42
42,#B0B0B0,176,176,176,Grey,0.0,69.0,0.0,42,0.78,46.2,#ACACAC,1.13,7
43,#B8B8B8,184,184,184,Grey,0.0,72.2,0.0,70,1.29,43.9,#C0C0C0,2.11,261
44,#C0C0C0,192,192,192,Grey,0.0,75.3,0.0,261,4.82,75.0,#C4C4C4,1.02,9
45,#C4C4C4,196,196,196,Grey,0.0,76.9,0.0,9,0.17,48.5,#C8C8C8,1.0,134
46,#C8C8C8,200,200,200,Grey,0.0,78.4,0.0,134,2.47,55.4,#C4C4C4,1.0,9
47,#D0D0D0,208,208,208,Grey,0.0,81.6,0.0,8,0.15,10.4,#C8C8C8,1.95,134
48,#D8D0D0,216,208,208,Grey,0.0,83.1,9.3,1,0.02,21.9,#E0DCE0,3.6,1
49,#E0E0E0,224,224,224,Grey,0.0,87.8,0.0,1391,25.68,124.7,#EEEEEE,3.04,3
50,#3A3532,58,53,50,Grey,22.5,21.2,7.4,1,0.02,16.2,#343434,3.36,5
51,#A8A098,168,160,152,Grey,30.0,62.7,8.4,1,0.02,1.2,#A99C8B,4.16,1
52,#7D776B,125,119,107,Grey,40.0,45.5,7.8,1,0.02,3.5,#75786C,4.95,1
53,#A2A093,162,160,147,Grey,52.0,60.6,7.5,1,0.02,12.7,#ACAD9F,3.99,1
54,#ACAD9F,172,173,159,Grey,64.3,65.1,7.9,1,0.02,4.6,#A2A093,3.99,1
55,#848870,132,136,112,Grey,70.0,48.6,9.7,1,0.02,23.1,#7C8679,4.97,1
56,#75786C,117,120,108,Grey,75.0,44.7,5.3,1,0.02,3.5,#7D776B,4.95,1
57,#646F5E,100,111,94,Grey,98.8,40.2,8.3,1,0.02,25.4,#646C64,4.4,1
58,#A6A8A5,166,168,165,Grey,100.0,65.3,1.7,1,0.02,2.3,#ACACAC,2.58,7
59,#7C8679,124,134,121,Grey,106.2,50.0,5.1,1,0.02,1.2,#6F8070,4.27,1
60,#646C64,100,108,100,Grey,120.0,40.8,3.8,1,0.02,23.1,#646F5E,4.4,1
61,#6F8070,111,128,112,Grey,123.5,46.9,7.1,1,0.02,5.8,#74846C,3.33,3
62,#3F4441,63,68,65,Grey,144.0,25.7,3.8,8,0.15,71.6,#444847,2.1,1
63,#444847,68,72,71,Grey,165.0,27.5,2.9,1,0.02,2.3,#3F4441,2.1,8
64,#738182,115,129,130,Grey,184.0,48.0,6.1,1,0.02,19.6,#708490,5.44,1
65,#AFB8BB,175,184,187,Grey,195.0,71.0,8.1,4,0.07,30.0,#B8C4C8,3.23,1
66,#383F44,56,63,68,Grey,205.0,24.3,9.7,1,0.02,34.6,#304048,3.66,2
67,#54585C,84,88,92,Grey,210.0,34.5,4.5,1,0.02,5.8,#5C5C5C,3.27,159
68,#78788C,120,120,140,Grey,240.0,51.0,8.0,1,0.02,23.1,#7884A0,6.65,1
69,#807080,128,112,128,Grey,300.0,47.1,6.7,1,0.02,4.6,#746078,6.6,1
70,#E0DCE0,224,220,224,Grey,300.0,87.1,6.1,1,0.02,12.7,#E0E0E0,3.26,1391
71,#B4B1B3,180,177,179,Grey,320.0,70.0,2.0,1,0.02,2.3,#B0B0B0,2.19,42
72,#907C80,144,124,128,Grey,348.0,52.5,8.3,1,0.02,2.3,#807080,7.22,1
73,#EEEEEE,238,238,238,White,0.0,93.3,0.0,3,0.06,4.6,#FCFCFC,2.87,1062
74,#FCFCFC,252,252,252,White,0.0,98.8,0.0,1062,19.6,230.9,#FFFAFA,2.42,2
75,#FFFAFA,255,250,250,White,0.0,99.0,100.0,2,0.04,1.7,#FCFCFC,2.42,1062
76,#F9F5EF,249,245,239,White,36.0,95.7,45.5,19,0.35,31.2,#F7F1E8,1.64,19
77,#FCF8EC,252,248,236,White,45.0,95.7,72.7,3,0.06,19.6,#F7F1E8,2.32,19
78,#FCFCEC,252,252,236,White,60.0,95.7,72.7,5,0.09,53.1,#FCF8EC,2.84,3
79,#1E1414,30,20,20,Red,0.0,9.8,20.0,1,0.02,27.7,#1C1714,4.26,27
80,#281414,40,20,20,Red,0.0,11.8,33.3,1,0.02,3.5,#28140C,3.66,1
81,#3C0000,60,0,0,Red,0.0,11.8,100.0,1,0.02,6.9,#4C0000,4.52,20
82,#4C0000,76,0,0,Red,0.0,14.9,100.0,20,0.37,41.6,#480800,2.16,7
83,#640000,100,0,0,Red,0.0,19.6,100.0,8,0.15,23.1,#6C0000,1.78,4
84,#501414,80,20,20,Red,0.0,19.6,60.0,2,0.04,13.9,#480800,3.48,7
85,#6C0000,108,0,0,Red,0.0,21.2,100.0,4,0.07,28.9,#640000,1.78,8
86,#4C2424,76,36,36,Red,0.0,22.0,35.7,3,0.06,46.2,#522720,3.68,1
87,#800000,128,0,0,Red,0.0,25.1,100.0,9,0.17,36.9,#880000,1.64,652
88,#880000,136,0,0,Red,0.0,26.7,100.0,652,12.04,120.1,#800000,1.64,9
89,#603030,96,48,48,Red,0.0,28.2,33.3,1,0.02,45.0,#743838,4.68,1
90,#960000,150,0,0,Red,0.0,29.4,100.0,27,0.5,36.9,#A00000,2.0,66
91,#A00000,160,0,0,Red,0.0,31.4,100.0,66,1.22,71.6,#960000,2.0,27
92,#782828,120,40,40,Red,0.0,31.4,50.0,1,0.02,9.2,#80252E,2.94,1
93,#8C1717,140,23,23,Red,0.0,32.0,71.8,5,0.09,36.9,#90000C,2.27,2
94,#743838,116,56,56,Red,0.0,33.7,34.9,1,0.02,26.6,#72393F,2.92,4
95,#B00000,176,0,0,Red,0.0,34.5,100.0,13,0.24,53.1,#B80000,1.6,6
96,#B80000,184,0,0,Red,0.0,36.1,100.0,6,0.11,76.2,#B00000,1.6,13
97,#6C5454,108,84,84,Red,0.0,37.6,12.5,1,0.02,11.5,#785050,5.43,1
98,#C80000,200,0,0,Red,0.0,39.2,100.0,1850,34.15,184.7,#CD0000,1.03,6
99,#A02828,160,40,40,Red,0.0,39.2,60.0,7,0.13,46.2,#AC292C,2.44,2
100,#785050,120,80,80,Red,0.0,39.2,20.0,1,0.02,9.2,#6C5454,5.43,1
101,#CD0000,205,0,0,Red,0.0,40.2,100.0,6,0.11,34.6,#C80000,1.03,1850
102,#D40000,212,0,0,Red,0.0,41.6,100.0,8,0.15,35.8,#CD0000,1.46,6
103,#B22222,178,34,34,Red,0.0,41.6,67.9,3,0.06,21.9,#BD2125,2.17,3
104,#DC0000,220,0,0,Red,0.0,43.1,100.0,682,12.59,131.6,#D40000,1.69,8
105,#EE0000,238,0,0,Red,0.0,46.7,100.0,5,0.09,36.9,#E3170D,2.1,9
106,#DD1212,221,18,18,Red,0.0,46.9,84.9,8,0.15,20.8,#E3170D,1.81,9
107,#C82828,200,40,40,Red,0.0,47.1,66.7,57,1.05,99.3,#BD2125,2.73,3
108,#FF0000,255,0,0,Red,0.0,50.0,100.0,81,1.5,80.8,#FC3000,3.01,3
109,#DB2929,219,41,41,Red,0.0,51.0,71.2,3,0.06,13.9,#D91828,2.11,1
110,#B45050,180,80,80,Red,0.0,51.0,40.0,1,0.02,12.7,#B44440,3.88,1
111,#FC2020,252,32,32,Red,0.0,55.7,97.3,1,0.02,41.6,#FF3333,3.1,2
112,#FF3333,255,51,51,Red,0.0,60.0,100.0,2,0.04,13.3,#FC2020,3.1,1
113,#D07878,208,120,120,Red,0.0,64.3,48.4,1,0.02,1.2,#E87878,4.49,75
114,#C09898,192,152,152,Red,0.0,67.5,24.1,3,0.06,50.8,#D0908C,6.0,2
115,#E87878,232,120,120,Red,0.0,69.0,70.9,75,1.38,39.3,#D07878,4.49,1
116,#FF6666,255,102,102,Red,0.0,70.0,100.0,1,0.02,6.9,#FF7163,3.77,1
117,#B13836,177,56,54,Red,1.0,45.3,53.2,2,0.04,3.5,#B44440,2.75,1
118,#B44440,180,68,64,Red,2.1,47.8,47.5,1,0.02,4.6,#B13836,2.75,2
119,#C46864,196,104,100,Red,2.5,58.0,44.9,1,0.02,23.1,#C07468,4.3,1
120,#E3170D,227,23,13,Red,2.8,47.1,89.2,9,0.17,27.7,#DD1212,1.81,8
121,#97342F,151,52,47,Red,2.9,38.8,52.5,3,0.06,16.2,#A02828,2.61,7
122,#DC4038,220,64,56,Red,2.9,54.1,70.1,1,0.02,21.9,#DF3037,2.64,2
123,#D24D46,210,77,70,Red,3.0,54.9,60.9,1,0.02,10.4,#DC4038,3.07,1
124,#D0908C,208,144,140,Red,3.5,68.2,42.0,2,0.04,48.5,#E09CA0,5.04,1
125,#2F0D0A,47,13,10,Red,4.9,11.2,64.9,1,0.02,16.2,#321308,3.97,1
126,#5D1913,93,25,19,Red,4.9,22.0,66.1,1,0.02,60.0,#5D0F04,2.8,4
127,#CC4438,204,68,56,Red,4.9,51.0,59.2,18,0.33,34.6,#DC4038,2.99,1
128,#FF7163,255,113,99,Red,5.4,69.4,100.0,1,0.02,3.5,#FF6666,3.77,1
129,#A43024,164,48,36,Red,5.6,39.2,64.0,1,0.02,69.3,#983020,2.54,1
130,#480800,72,8,0,Red,6.7,14.1,100.0,7,0.13,20.8,#4C0000,2.16,20
131,#8B2316,139,35,22,Red,6.7,31.6,72.7,1,0.02,5.8,#8C1717,2.65,5
132,#DA412D,218,65,45,Red,6.9,51.6,70.0,1,0.02,31.2,#DC4038,2.92,1
133,#A51805,165,24,5,Red,7.1,33.3,94.1,1,0.02,5.8,#B00000,2.07,13
134,#B03929,176,57,41,Red,7.1,42.5,62.2,1,0.02,2.3,#A43024,3.28,1
135,#CB2610,203,38,16,Red,7.1,42.9,85.4,2,0.04,16.2,#D40000,2.06,8
136,#5D0F04,93,15,4,Red,7.4,19.0,91.8,4,0.07,4.6,#640000,2.45,8
137,#C83C28,200,60,40,Red,7.5,47.1,66.7,1,0.02,27.7,#C03824,2.01,1
138,#C03824,192,56,36,Red,7.7,44.7,68.4,1,0.02,8.1,#C83C28,2.01,1
139,#983020,152,48,32,Red,8.0,36.1,65.2,1,0.02,2.3,#A43024,2.54,1
140,#E43418,228,52,24,Red,8.2,49.4,81.0,1,0.02,48.5,#E13205,2.29,2
141,#C07468,192,116,104,Red,8.2,58.0,41.1,1,0.02,23.1,#B07064,3.6,1
142,#522720,82,39,32,Red,8.4,22.4,43.9,1,0.02,9.2,#4C2424,3.68,3
143,#E08070,224,128,112,Red,8.6,65.9,64.4,10,0.18,33.5,#E87878,5.45,75
144,#A32D18,163,45,24,Red,9.1,36.7,74.3,6,0.11,35.8,#A43024,2.77,1
145,#6C2012,108,32,18,Red,9.3,24.7,71.4,1,0.02,18.5,#78240C,3.78,2
146,#B07064,176,112,100,Red,9.5,54.1,32.5,1,0.02,18.5,#C07468,3.6,1
147,#684038,104,64,56,Red,10.0,31.4,30.0,1,0.02,40.4,#5C4033,5.41,1
148,#C02000,192,32,0,Red,10.0,37.6,100.0,1,0.02,1.7,#C82800,2.27,13
149,#FC3000,252,48,0,Red,11.4,49.4,100.0,3,0.06,30.0,#F03000,2.38,5
150,#C82800,200,40,0,Red,12.0,39.2,100.0,13,0.24,55.4,#C02000,2.27,1
151,#F03000,240,48,0,Red,12.0,47.1,100.0,5,0.09,9.2,#FC3000,2.38,3
152,#3D3134,61,49,52,Red,345.0,21.6,10.9,5,0.09,31.2,#2E2528,4.27,1
153,#901C38,144,28,56,Red,345.5,33.7,67.4,65,1.2,64.7,#8C0034,2.91,2
154,#905966,144,89,102,Red,345.8,45.7,23.6,5,0.09,71.6,#8C5C64,2.25,1
155,#A00024,160,0,36,Red,346.5,31.4,100.0,4,0.07,12.7,#99182C,2.42,1
156,#C8002C,200,0,44,Red,346.8,39.2,100.0,73,1.35,69.3,#C80028,1.08,15
157,#C80028,200,0,40,Red,348.0,39.2,100.0,15,0.28,28.9,#C8002C,1.08,73
158,#DC143C,220,20,60,Red,348.0,47.1,83.3,1,0.02,3.5,#D03034,4.31,2
159,#A80020,168,0,32,Red,348.6,32.9,100.0,3,0.06,4.6,#AF011C,2.22,1
160,#640C1C,100,12,28,Red,349.1,22.0,78.6,1,0.02,3.5,#70142C,4.62,1
161,#B45C6C,180,92,108,Red,349.1,53.3,37.0,1,0.02,3.5,#B45050,7.78,1
162,#F4758C,244,117,140,Red,349.1,70.8,85.2,1,0.02,17.3,#F6799F,4.66,1
163,#780014,120,0,20,Red,350.0,23.5,100.0,3,0.06,31.2,#70000C,2.24,12
164,#89051B,137,5,27,Red,350.0,27.8,93.0,3,0.06,9.2,#780014,3.42,3
165,#8C5C64,140,92,100,Red,350.0,45.5,20.7,1,0.02,73.9,#905966,2.25,5
166,#B43C50,180,60,80,Red,350.0,47.1,50.0,4,0.07,12.7,#AA3746,2.96,1
167,#B41C34,180,28,52,Red,350.5,40.8,73.1,1,0.02,8.1,#B62531,2.34,11
168,#AF011C,175,1,28,Red,350.7,34.5,98.9,1,0.02,1.7,#AF0013,2.2,1
169,#99182C,153,24,44,Red,350.7,34.7,72.9,1,0.02,19.6,#960028,2.08,41
170,#581C24,88,28,36,Red,352.0,22.7,51.7,1,0.02,3.5,#640C1C,4.65,1
171,#AA3746,170,55,70,Red,352.2,44.1,51.1,1,0.02,4.6,#B43C50,2.96,4
172,#AF0013,175,0,19,Red,353.5,34.3,100.0,1,0.02,36.9,#AF011C,2.2,1
173,#70000C,112,0,12,Red,353.6,22.0,100.0,12,0.22,115.5,#780014,2.24,3
174,#72393F,114,57,63,Red,353.7,33.5,33.3,4,0.07,11.5,#743838,2.92,1
175,#BD3341,189,51,65,Red,353.9,47.1,57.5,1,0.02,4.6,#B62531,3.87,11
176,#80252E,128,37,46,Red,354.1,32.4,55.2,1,0.02,39.3,#782828,2.94,1
177,#A42430,164,36,48,Red,354.4,39.2,64.0,2,0.04,10.4,#B41C34,3.02,1
178,#D60619,214,6,25,Red,354.5,43.1,94.5,1,0.02,38.1,#DD1212,2.63,8
179,#90000C,144,0,12,Red,355.0,28.2,100.0,2,0.04,3.5,#8C1717,2.27,5
180,#B62531,182,37,49,Red,355.0,42.9,66.2,11,0.2,35.8,#AC292C,2.3,2
181,#D91828,217,24,40,Red,355.0,47.3,80.1,1,0.02,35.8,#DB2929,2.11,3
182,#EC0416,236,4,22,Red,355.3,47.1,96.7,2,0.04,32.3,#E3170D,2.28,9
183,#DF3037,223,48,55,Red,357.6,53.1,73.2,2,0.04,4.6,#DC4038,2.64,1
184,#D05054,208,80,84,Red,358.1,56.5,57.7,14,0.26,54.3,#D24D46,3.86,1
185,#BD2125,189,33,37,Red,358.5,43.5,70.3,3,0.06,3.5,#B22222,2.17,3
186,#D03034,208,48,52,Red,358.5,50.2,63.0,2,0.04,2.3,#D91828,2.49,1
187,#AC292C,172,41,44,Red,358.6,41.8,61.5,2,0.04,2.3,#B62531,2.3,11
188,#EC9D9D,236,157,157,Pink,0.0,77.1,67.5,5,0.09,27.7,#E09CA0,2.9,1
189,#FC9494,252,148,148,Pink,0.0,78.4,94.5,4,0.07,16.2,#FCA098,3.61,3
190,#F0BCBC,240,188,188,Pink,0.0,83.9,63.4,2,0.04,2.3,#FCC8D8,6.57,1
191,#FCA098,252,160,152,Pink,4.8,79.2,94.3,3,0.06,6.9,#FC9494,3.61,4
192,#301130,48,17,48,Pink,300.0,12.7,47.7,1,0.02,50.8,#3D1130,4.06,2
193,#440044,68,0,68,Pink,300.0,13.3,100.0,127,2.34,99.3,#500050,2.79,7
194,#500050,80,0,80,Pink,300.0,15.7,100.0,7,0.13,60.0,#440044,2.79,127
195,#640064,100,0,100,Pink,300.0,19.6,100.0,9,0.17,32.3,#6C0070,2.29,43
196,#780078,120,0,120,Pink,300.0,23.5,100.0,272,5.02,69.3,#800080,1.76,3
197,#800080,128,0,128,Pink,300.0,25.1,100.0,3,0.06,35.8,#780078,1.76,272
198,#8C008C,140,0,140,Pink,300.0,27.5,100.0,7,0.13,110.8,#800080,2.65,3
199,#B000B0,176,0,176,Pink,300.0,34.5,100.0,1,0.02,4.6,#9800A0,4.97,1
200,#784878,120,72,120,Pink,300.0,37.6,25.0,1,0.02,27.7,#80507C,2.93,1
201,#903490,144,52,144,Pink,300.0,38.4,46.9,2,0.04,30.0,#944090,2.91,2
202,#9C589C,156,88,156,Pink,300.0,47.8,27.9,1,0.02,2.3,#9F5F9F,2.19,1
203,#9F5F9F,159,95,159,Pink,300.0,49.8,25.2,1,0.02,17.3,#9C589C,2.19,1
204,#FFE1FF,255,225,255,Pink,300.0,94.1,100.0,1,0.02,4.6,#D8CCE0,8.52,1
205,#DA70D6,218,112,214,Pink,302.3,64.7,58.9,1,0.02,5.8,#BB62CE,7.08,1
206,#683C66,104,60,102,Pink,302.7,32.2,26.8,1,0.02,16.2,#684074,3.73,1
207,#944090,148,64,144,Pink,302.9,41.6,39.6,2,0.04,11.5,#903490,2.91,2
208,#843480,132,52,128,Pink,303.0,36.1,43.5,1,0.02,3.5,#783080,3.04,1
209,#542050,84,32,80,Pink,304.6,22.7,44.8,2,0.04,26.6,#542850,2.4,3
210,#80507C,128,80,124,Pink,305.0,40.8,23.1,1,0.02,3.5,#784878,2.93,1
211,#B458AC,180,88,172,Pink,305.2,52.5,38.0,2,0.04,9.2,#B468AC,4.25,30
212,#542850,84,40,80,Pink,305.5,24.3,35.5,3,0.06,27.7,#542050,2.4,2
213,#8C6088,140,96,136,Pink,305.5,46.3,18.6,1,0.02,1.2,#805A90,5.39,1
214,#B468AC,180,104,172,Pink,306.3,55.7,33.6,30,0.55,34.6,#B458AC,4.25,2
215,#84407C,132,64,124,Pink,307.1,38.4,34.7,1,0.02,2.3,#7C3C74,2.12,2
216,#7C3C74,124,60,116,Pink,307.5,36.1,34.8,2,0.04,8.1,#84407C,2.12,1
217,#A45098,164,80,152,Pink,308.6,47.8,34.4,1,0.02,30.0,#9C589C,2.7,1
218,#9C8098,156,128,152,Pink,308.6,55.7,12.4,1,0.02,27.7,#A08CB0,6.2,1
219,#871F78,135,31,120,Pink,308.7,32.5,62.7,2,0.04,5.8,#843480,3.67,1
220,#3F0035,63,0,53,Pink,309.5,12.4,100.0,1,0.02,5.8,#480C3C,2.65,1
221,#640054,100,0,84,Pink,309.6,19.6,100.0,2,0.04,11.5,#6A1058,2.11,1
222,#68205C,104,32,92,Pink,310.0,26.7,52.9,1,0.02,35.8,#6A1058,2.44,1
223,#644C60,100,76,96,Pink,310.0,34.5,13.6,1,0.02,67.0,#523E60,7.27,1
224,#CB15AB,203,21,171,Pink,310.5,43.9,81.2,1,0.02,3.5,#D02090,5.78,1
225,#481C40,72,28,64,Pink,310.9,19.6,44.0,1,0.02,3.5,#480C3C,3.55,1
226,#480C3C,72,12,60,Pink,312.0,16.5,71.4,1,0.02,6.9,#3F0035,2.65,1
227,#6A1058,106,16,88,Pink,312.0,23.9,73.8,1,0.02,9.2,#640054,2.11,2
228,#840068,132,0,104,Pink,312.7,25.9,100.0,8,0.15,23.1,#7C045C,2.49,1
229,#EC34C4,236,52,196,Pink,313.0,56.5,82.9,2,0.04,4.6,#E02CB8,3.19,2
230,#E02CB8,224,44,184,Pink,313.3,52.5,74.4,2,0.04,4.6,#EC34C4,3.19,2
231,#843470,132,52,112,Pink,315.0,36.1,43.5,1,0.02,2.3,#7C3C74,2.77,2
232,#7C045C,124,4,92,Pink,316.0,25.1,93.8,1,0.02,3.5,#840068,2.49,8
233,#3D1130,61,17,48,Pink,317.7,15.3,56.4,2,0.04,18.5,#481C40,3.86,1
234,#981C70,152,28,112,Pink,319.4,35.3,68.9,6,0.11,20.8,#A01D69,3.13,1
235,#C04094,192,64,148,Pink,320.6,50.2,50.4,7,0.13,48.5,#D02090,3.66,1
236,#B80478,184,4,120,Pink,321.3,36.9,95.7,1,0.02,35.8,#C71585,3.86,1
237,#D054A4,208,84,164,Pink,321.3,57.3,56.9,1,0.02,4.6,#E02CB8,6.17,2
238,#D02090,208,32,144,Pink,321.8,47.1,73.3,1,0.02,2.3,#C71585,2.83,1
239,#C71585,199,21,133,Pink,322.2,43.1,80.9,1,0.02,5.8,#D02090,2.83,1
240,#A8608C,168,96,140,Pink,323.3,51.8,29.3,1,0.02,4.6,#9F5F9F,6.29,1
241,#64003C,100,0,60,Pink,324.0,19.6,100.0,1,0.02,2.3,#5A1C38,5.03,3
242,#F6A4D5,246,164,213,Pink,324.1,80.4,82.0,1,0.02,5.8,#FC9CD4,2.26,1
243,#FC9CD4,252,156,212,Pink,325.0,80.0,94.1,1,0.02,25.4,#F6A4D5,2.26,1
244,#A01D69,160,29,105,Pink,325.2,37.1,69.3,1,0.02,1.2,#981C70,3.13,6
245,#946880,148,104,128,Pink,327.3,49.4,17.5,1,0.02,9.2,#8C6088,5.75,1
246,#5A1C38,90,28,56,Pink,332.9,23.1,52.5,3,0.06,92.4,#4C0C28,4.26,4
247,#A00048,160,0,72,Pink,333.0,31.4,100.0,47,0.87,73.9,#980044,1.6,11
248,#980044,152,0,68,Pink,333.2,29.8,100.0,11,0.2,34.6,#A00048,1.6,47
249,#4C0C28,76,12,40,Pink,333.8,17.3,72.7,4,0.07,23.1,#5A1C38,4.26,3
250,#B42864,180,40,100,Pink,334.3,43.1,63.6,2,0.04,2.3,#9E3552,5.9,2
251,#7C0034,124,0,52,Pink,334.8,24.3,100.0,2,0.04,35.8,#800030,2.18,1
252,#832A4F,131,42,79,Pink,335.1,33.9,51.4,1,0.02,5.8,#843C50,5.0,1
253,#60082C,96,8,44,Pink,335.5,20.4,84.6,1,0.02,13.9,#680028,2.86,28
254,#C80050,200,0,80,Pink,336.0,39.2,100.0,11,0.2,73.9,#B43C50,5.7,4
255,#680028,104,0,40,Pink,336.9,20.4,100.0,28,0.52,48.5,#60082C,2.86,1
256,#D7A0B5,215,160,181,Pink,337.1,73.5,40.7,1,0.02,4.6,#E09CA0,7.17,1
257,#800030,128,0,48,Pink,337.5,25.1,100.0,1,0.02,11.5,#7C0034,2.18,2
258,#8C0034,140,0,52,Pink,337.7,27.5,100.0,2,0.04,5.8,#800030,2.38,1
259,#AC0040,172,0,64,Pink,337.7,33.7,100.0,2,0.04,18.5,#9C0030,4.46,7
260,#3C0014,60,0,20,Pink,340.0,11.8,100.0,2,0.04,10.4,#4C0C28,5.32,4
261,#2E2528,46,37,40,Pink,340.0,16.3,10.8,1,0.02,13.9,#3D3134,4.27,5
262,#780028,120,0,40,Pink,340.0,23.5,100.0,9,0.17,43.9,#800028,1.96,28
263,#FA6496,250,100,150,Pink,340.0,68.6,93.7,4,0.07,4.6,#F6799F,3.9,1
264,#800028,128,0,40,Pink,341.2,25.1,100.0,28,0.52,106.2,#780028,1.96,9
265,#9C0030,156,0,48,Pink,341.5,30.6,100.0,7,0.13,36.9,#960028,2.28,41
266,#FCC8D8,252,200,216,Pink,341.5,88.6,89.7,1,0.02,36.9,#F0BCBC,6.57,2
267,#781C38,120,28,56,Pink,341.7,29.0,62.2,20,0.37,27.7,#7C0034,2.84,2
268,#F6799F,246,121,159,Pink,341.8,72.0,87.4,1,0.02,3.5,#FA6496,3.9,4
269,#A80030,168,0,48,Pink,342.9,32.9,100.0,2,0.04,27.7,#9C0030,2.76,7
270,#DC5078,220,80,120,Pink,342.9,58.8,66.7,2,0.04,30.0,#B45C6C,7.9,1
271,#843C50,132,60,80,Pink,343.3,37.6,37.5,1,0.02,5.8,#832A4F,5.0,1
272,#9E3552,158,53,82,Pink,343.4,41.4,49.8,2,0.04,43.9,#843C50,5.57,1
273,#960028,150,0,40,Pink,344.0,29.4,100.0,41,0.76,55.4,#99182C,2.08,1
274,#70142C,112,20,44,Pink,344.3,25.9,69.7,1,0.02,2.3,#780028,2.5,9
275,#E09CA0,224,156,160,Pink,356.5,74.5,52.3,1,0.02,25.4,#EC9D9D,2.9,5
276,#E13205,225,50,5,Orange,12.3,45.1,95.7,2,0.04,24.2,#E43418,2.29,1
277,#C87058,200,112,88,Orange,12.9,56.5,50.5,1,0.02,5.8,#C07468,4.64,1
278,#D4380C,212,56,12,Orange,13.2,43.9,89.3,1,0.02,27.7,#CD3700,2.02,2
279,#D6BEB4,214,190,180,Orange,17.6,77.3,29.3,1,0.02,2.3,#CCBAAF,2.99,5
280,#D85C28,216,92,40,Orange,17.7,50.2,69.3,1,0.02,1.2,#C06430,5.41,1
281,#FA4B00,250,75,0,Orange,18.0,49.0,100.0,21,0.39,24.2,#FC3000,4.29,3
282,#EC7440,236,116,64,Orange,18.1,58.8,81.9,3,0.06,46.2,#EC8048,3.28,10
283,#EC8048,236,128,72,Orange,20.5,60.4,81.2,10,0.18,40.4,#EC7440,3.28,3
284,#F6EDE8,246,237,232,Orange,21.4,93.7,43.8,1,0.02,3.5,#F7F1E8,2.92,19
285,#C06430,192,100,48,Orange,21.7,47.1,60.0,1,0.02,16.2,#D85C28,5.41,1
286,#C0A494,192,164,148,Orange,21.8,66.7,25.9,1,0.02,2.3,#CCBAAF,6.73,5
287,#CCBAAF,204,186,175,Orange,22.8,74.3,22.1,5,0.09,33.5,#D6BEB4,2.99,1
288,#F47420,244,116,32,Orange,23.8,54.1,90.6,1,0.02,3.5,#EC8048,4.85,10
289,#E86000,232,96,0,Orange,24.8,45.5,100.0,17,0.31,46.2,#F47420,5.17,1
290,#E8CCB8,232,204,184,Orange,25.0,81.6,51.1,33,0.61,39.3,#ECCCAC,4.15,2
291,#A58065,165,128,101,Orange,25.3,52.2,26.2,2,0.04,50.8,#A07C58,3.78,41
292,#EBB790,235,183,144,Orange,25.7,74.3,69.5,1,0.02,6.9,#DEB887,6.05,1
293,#906C50,144,108,80,Orange,26.2,43.9,28.6,1,0.02,31.2,#95765B,3.91,1
294,#A87448,168,116,72,Orange,27.5,47.1,40.0,1,0.02,34.6,#A07C58,4.81,41
295,#95765B,149,118,91,Orange,27.9,47.1,24.2,1,0.02,3.5,#A07C58,3.84,41
296,#C87018,200,112,24,Orange,30.0,43.9,78.6,2,0.04,73.9,#C47000,2.56,1
297,#BE7832,190,120,50,Orange,30.0,47.1,58.3,39,0.72,40.4,#B07430,3.4,16
298,#A07C58,160,124,88,Orange,30.0,48.6,29.0,41,0.76,46.2,#A58065,3.78,2
299,#F88410,248,132,16,Orange,30.0,51.8,94.3,3,0.06,43.3,#F09430,5.06,2
300,#A89480,168,148,128,Orange,30.0,58.0,18.7,1,0.02,15.6,#A99C8B,3.72,1
301,#C89664,200,150,100,Orange,30.0,58.8,47.6,1,0.02,15.0,#C09458,3.8,1
302,#ECCCAC,236,204,172,Orange,30.0,80.0,62.7,2,0.04,16.2,#F0D8BC,3.68,2
303,#F8E8D8,248,232,216,Orange,30.0,91.0,69.6,6,0.11,78.5,#F8ECE0,2.05,1
304,#F8ECE0,248,236,224,Orange,30.0,92.5,63.2,1,0.02,27.7,#F8E8D8,2.05,6
305,#D87000,216,112,0,Orange,31.1,42.4,100.0,1,0.02,5.8,#C87018,3.33,2
306,#F09430,240,148,48,Orange,31.3,56.5,86.5,2,0.04,36.9,#EF8F06,2.74,6
307,#B07430,176,116,48,Orange,31.9,43.9,57.1,16,0.3,50.8,#A86C2C,3.1,1
308,#D8C0A4,216,192,164,Orange,32.3,74.5,40.0,1,0.02,48.5,#ECCCAC,4.22,2
309,#F0D8BC,240,216,188,Orange,32.3,83.9,63.4,2,0.04,13.9,#F0E0C8,3.42,42
310,#CC8024,204,128,36,Orange,32.9,47.1,70.0,1,0.02,6.9,#C87814,2.44,6
311,#DC943C,220,148,60,Orange,33.0,54.9,69.6,20,0.37,34.6,#F09430,4.31,2
312,#907048,144,112,72,Orange,33.3,42.4,33.3,1,0.02,18.5,#947040,2.16,1
313,#C87814,200,120,20,Orange,33.3,43.1,81.8,6,0.11,73.9,#CC8024,2.44,1
314,#DEB887,222,184,135,Orange,33.8,70.0,56.9,1,0.02,4.6,#D0B480,3.94,1
315,#A99C8B,169,156,139,Orange,34.0,60.4,14.9,1,0.02,6.9,#A89480,3.72,1
316,#D0C4B4,208,196,180,Orange,34.3,76.1,23.0,2,0.04,4.6,#CCBAAF,4.87,5
317,#D87C00,216,124,0,Orange,34.4,42.4,100.0,85,1.57,57.7,#CC8024,3.24,1
318,#C09458,192,148,88,Orange,34.6,54.9,45.2,1,0.02,15.0,#C89664,3.8,1
319,#EF8F06,239,143,6,Orange,35.3,48.0,95.1,6,0.11,32.3,#F09400,1.87,4
320,#EECFA1,238,207,161,Orange,35.8,78.2,69.4,1,0.02,2.3,#E4CCA4,2.53,1
321,#A0783C,160,120,60,Orange,36.0,43.1,45.5,25,0.46,55.4,#9C7438,1.52,2
322,#C4AC88,196,172,136,Orange,36.0,65.1,33.7,1,0.02,27.7,#B8A47C,3.5,1
323,#F0E0C8,240,224,200,Orange,36.0,86.3,57.1,42,0.78,65.8,#E8DDCB,2.62,2
324,#F7F1E8,247,241,232,Orange,36.0,93.9,48.4,19,0.35,50.8,#F9F5EF,1.64,19
325,#A67D3D,166,125,61,Orange,36.6,44.5,46.3,1,0.02,8.1,#A0783C,2.05,25
326,#F09400,240,148,0,Orange,37.0,47.1,100.0,4,0.07,2.3,#EF8F06,1.87,6
327,#E8DDCB,232,221,203,Orange,37.2,85.3,38.7,2,0.04,93.5,#F0E0C8,2.62,42
328,#E4CCA4,228,204,164,Orange,37.5,76.9,54.2,1,0.02,2.3,#EECFA1,2.53,1
329,#FFA000,255,160,0,Orange,37.6,50.0,100.0,4,0.07,4.6,#EE9A00,3.21,1
330,#EE9A00,238,154,0,Orange,38.8,46.7,100.0,1,0.02,3.5,#F09400,2.52,4
331,#B0986C,176,152,108,Orange,38.8,55.7,30.1,1,0.02,2.3,#BCA06C,3.29,1
332,#A88C58,168,140,88,Orange,39.0,50.2,31.5,1,0.02,23.1,#A08858,2.15,130
333,#BCA06C,188,160,108,Orange,39.0,58.0,37.4,1,0.02,4.6,#B0986C,3.29,1
334,#D0B480,208,180,128,Orange,39.0,65.9,46.0,1,0.02,2.3,#D0B87C,2.66,2
335,#907B53,144,123,83,Orange,39.3,44.5,26.9,1,0.02,4.6,#887448,3.18,1
336,#E0A126,224,161,38,Orange,39.7,51.4,75.0,37,0.68,41.6,#DAA520,3.21,1
337,#A08858,160,136,88,Orange,40.0,48.6,29.0,130,2.4,90.1,#A88C58,2.15,1
338,#C8A050,200,160,80,Orange,40.0,54.9,52.2,1,0.02,2.3,#D19D2C,4.7,3
339,#B8A47C,184,164,124,Orange,40.0,60.4,29.7,1,0.02,34.6,#BCA878,2.39,2
340,#F8E4BC,248,228,188,Orange,40.0,85.5,81.1,1,0.02,13.9,#F0E0C8,4.89,42
341,#ECB034,236,176,52,Orange,40.4,56.5,82.9,2,0.04,13.9,#F5B92F,2.71,1
342,#BE8F2C,190,143,44,Orange,40.7,45.9,62.4,3,0.06,65.8,#BC8C00,2.94,186
343,#D0B06C,208,176,108,Orange,40.8,62.0,51.5,1,0.02,34.6,#D0B87C,3.23,2
344,#F5D38B,245,211,139,Orange,40.8,75.3,84.1,2,0.04,71.6,#F5DCA0,3.62,2
345,#F9C75C,249,199,92,Orange,40.9,66.9,92.9,2,0.04,31.2,#ECBE42,3.53,1
346,#D19D2C,209,157,44,Orange,41.1,49.6,65.2,3,0.06,21.9,#D09800,2.45,262
347,#F5B92F,245,185,47,Orange,41.8,57.3,90.8,1,0.02,18.5,#F5B800,2.05,1
348,#FCB000,252,176,0,Orange,41.9,49.4,100.0,3,0.06,6.9,#F8B400,2.23,3
349,#D9B152,217,177,82,Orange,42.2,58.6,64.0,1,0.02,2.3,#E2AF2C,4.35,2
350,#BCA878,188,168,120,Orange,42.4,60.4,33.7,2,0.04,39.3,#B8A47C,2.39,1
351,#F5DCA0,245,220,160,Orange,42.4,79.4,81.0,2,0.04,27.7,#F5D38B,3.62,2
352,#DAA520,218,165,32,Orange,42.9,49.0,74.4,1,0.02,3.5,#D8A810,2.12,1
353,#FFC125,255,193,37,Orange,42.9,57.3,100.0,1,0.02,3.5,#F5B800,2.38,1
354,#D0B87C,208,184,124,Orange,42.9,65.1,47.2,2,0.04,34.6,#D0B480,2.66,1
355,#C4B48C,196,180,140,Orange,42.9,65.9,32.2,1,0.02,20.8,#C8BC94,2.51,2
356,#E2AF2C,226,175,44,Orange,43.2,52.9,75.8,2,0.04,23.1,#DFAF00,2.49,2
357,#B49440,180,148,64,Orange,43.4,47.8,47.5,1,0.02,40.4,#B49830,3.31,1
358,#F8B400,248,180,0,Orange,43.5,48.6,100.0,3,0.06,32.3,#F5B800,2.03,1
359,#ECBE42,236,190,66,Orange,43.8,59.2,81.7,1,0.02,1.2,#F6C42B,2.94,1
360,#A49468,164,148,104,Orange,44.0,52.5,24.8,1,0.02,9.2,#B0986C,3.53,1
361,#E5E0D2,229,224,210,Orange,44.2,86.1,26.8,9,0.17,30.0,#E8E4D0,2.65,1
362,#CBC1A4,203,193,164,Orange,44.6,72.0,27.3,1,0.02,17.3,#CCC7AD,2.63,1
363,#78240C,120,36,12,Brown,13.3,25.9,81.8,2,0.04,18.5,#6C2012,3.78,1
364,#A52B05,165,43,5,Brown,14.2,33.3,94.1,1,0.02,11.5,#B03000,2.84,21
365,#501400,80,20,0,Brown,15.0,15.7,100.0,3,0.06,18.5,#51200F,3.23,2
366,#4B2E24,75,46,36,Brown,15.4,21.8,35.1,2,0.04,10.4,#4C3428,3.06,52
367,#51200F,81,32,15,Brown,15.5,18.8,68.7,2,0.04,16.2,#501400,3.23,3
368,#321308,50,19,8,Brown,15.7,11.4,72.4,1,0.02,2.3,#2F0D0A,3.97,1
369,#9E411F,158,65,31,Brown,16.1,37.1,67.2,1,0.02,4.6,#A43C14,2.02,1
370,#CD3700,205,55,0,Brown,16.1,40.2,100.0,2,0.04,11.5,#D4380C,2.02,1
371,#B03000,176,48,0,Brown,16.4,34.5,100.0,21,0.39,83.1,#B13E0F,2.71,3
372,#A43C14,164,60,20,Brown,16.7,36.1,78.3,1,0.02,3.5,#9E411F,2.02,1
373,#28140C,40,20,12,Brown,17.1,10.2,53.8,1,0.02,6.9,#281414,3.66,1
374,#402A21,64,42,33,Brown,17.4,19.0,32.0,2,0.04,24.2,#453128,2.36,1
375,#B13E0F,177,62,15,Brown,17.4,37.6,84.4,3,0.06,17.3,#B03000,2.71,21
376,#351E14,53,30,20,Brown,18.2,14.3,45.2,3,0.06,4.6,#381C0C,2.81,8
377,#5D321F,93,50,31,Brown,18.4,24.3,50.0,4,0.07,25.4,#502814,3.53,4
378,#453128,69,49,40,Brown,18.6,21.4,26.6,1,0.02,18.5,#4C3428,2.33,52
379,#5C4033,92,64,51,Brown,19.0,28.0,28.7,1,0.02,15.0,#4C3428,4.42,52
380,#642000,100,32,0,Brown,19.2,19.6,100.0,2,0.04,11.5,#6C2400,2.02,1
381,#A03400,160,52,0,Brown,19.5,31.4,100.0,5,0.09,20.8,#A43C14,2.66,1
382,#502814,80,40,20,Brown,20.0,19.6,60.0,4,0.07,23.1,#51200F,3.35,2
383,#6C2400,108,36,0,Brown,20.0,21.2,100.0,1,0.02,73.9,#642000,2.02,2
384,#4C3428,76,52,40,Brown,20.0,22.7,31.0,52,0.96,50.8,#453128,2.33,1
385,#963C0F,150,60,15,Brown,20.0,32.4,81.8,1,0.02,4.6,#A03400,2.72,5
386,#A05028,160,80,40,Brown,20.0,39.2,60.0,1,0.02,6.9,#98481C,2.96,19
387,#441800,68,24,0,Brown,21.2,13.3,100.0,94,1.74,92.4,#51200F,3.31,2
388,#98481C,152,72,28,Brown,21.3,35.3,68.9,19,0.35,115.5,#A05028,2.96,1
389,#381C0C,56,28,12,Brown,21.8,13.3,64.7,8,0.15,23.1,#3C2010,1.31,18
390,#3C2010,60,32,16,Brown,21.8,14.9,57.9,18,0.33,50.8,#381C0C,1.31,8
391,#C04C08,192,76,8,Brown,22.2,39.2,92.0,14,0.26,64.7,#B84C00,2.17,26
392,#1C1714,28,23,20,Brown,22.5,9.4,16.7,27,0.5,92.4,#141010,2.92,2
393,#744C34,116,76,52,Brown,22.5,32.9,38.1,1,0.02,23.1,#7C583C,4.53,1
394,#7C4420,124,68,32,Brown,23.5,30.6,59.0,1,0.02,6.9,#783C10,2.97,2
395,#985428,152,84,40,Brown,23.6,37.6,58.3,1,0.02,9.2,#A05028,3.14,1
396,#B04800,176,72,0,Brown,24.5,34.5,100.0,1,0.02,23.1,#B84C00,2.05,26
397,#583014,88,48,20,Brown,24.7,21.2,63.0,1,0.02,11.5,#502814,3.75,4
398,#B84C00,184,76,0,Brown,24.8,36.1,100.0,26,0.48,45.0,#B04800,2.05,1
399,#8B4513,139,69,19,Brown,25.0,31.0,75.9,1,0.02,28.9,#894B18,2.44,1
400,#783C10,120,60,16,Brown,25.4,26.7,76.5,2,0.04,9.2,#7C4420,2.97,1
401,#443428,68,52,40,Brown,25.7,21.2,25.9,3,0.06,13.9,#453128,3.17,1
402,#311F11,49,31,17,Brown,26.2,12.9,48.5,1,0.02,6.9,#351E14,3.69,3
403,#7C583C,124,88,60,Brown,26.2,36.1,34.8,1,0.02,16.2,#744C34,4.53,1
404,#703200,112,50,0,Brown,26.8,22.0,100.0,3,0.06,114.3,#663300,3.07,1
405,#894B18,137,75,24,Brown,27.1,31.6,70.2,1,0.02,18.5,#8B4513,2.44,1
406,#64340C,100,52,12,Brown,27.3,22.0,78.6,8,0.15,27.7,#663300,2.05,1
407,#4B2F16,75,47,22,Brown,28.3,19.0,54.6,1,0.02,5.8,#482800,4.02,6
408,#663300,102,51,0,Brown,30.0,20.0,100.0,1,0.02,12.7,#64340C,2.05,8
409,#503C28,80,60,40,Brown,30.0,23.5,33.3,3,0.06,13.9,#483824,2.61,1
410,#683C10,104,60,16,Brown,30.0,23.5,73.3,1,0.02,11.5,#64340C,2.99,8
411,#A86C2C,168,108,44,Brown,31.0,41.6,58.5,1,0.02,9.2,#A86C1C,2.75,1
412,#7C5428,124,84,40,Brown,31.4,32.2,51.2,1,0.02,32.3,#784C18,3.13,4
413,#5B360B,91,54,11,Brown,32.2,20.0,78.4,3,0.06,55.4,#603800,2.53,36
414,#784C18,120,76,24,Brown,32.5,28.2,66.7,4,0.07,17.3,#7C5428,3.13,1
415,#8C5818,140,88,24,Brown,33.1,32.2,70.7,1,0.02,6.9,#845814,2.87,1
416,#482800,72,40,0,Brown,33.3,14.1,100.0,6,0.11,27.7,#4B2F16,4.02,1
417,#483824,72,56,36,Brown,33.3,21.2,33.3,1,0.02,69.3,#503C28,2.61,3
418,#746450,116,100,80,Brown,33.3,38.4,18.4,1,0.02,4.6,#716044,3.45,1
419,#846844,132,104,68,Brown,33.7,39.2,32.0,1,0.02,46.2,#886C3C,3.67,2
420,#644824,100,72,36,Brown,33.8,26.7,47.1,1,0.02,41.6,#503C14,5.82,85
421,#784400,120,68,0,Brown,34.0,23.5,100.0,1,0.02,2.3,#784C18,3.41,4
422,#645541,100,85,65,Brown,34.3,32.4,21.2,1,0.02,12.7,#6A5E47,3.85,1
423,#A86C1C,168,108,28,Brown,34.3,38.4,71.4,1,0.02,4.6,#A86C2C,2.75,1
424,#C47000,196,112,0,Brown,34.3,38.4,100.0,1,0.02,21.9,#C87814,2.48,6
425,#947040,148,112,64,Brown,34.3,41.6,39.6,1,0.02,18.5,#907048,2.16,1
426,#B46800,180,104,0,Brown,34.7,35.3,100.0,1,0.02,16.2,#A86C1C,3.71,1
427,#603800,96,56,0,Brown,35.0,18.8,100.0,36,0.66,53.1,#5B360B,2.53,3
428,#A46000,164,96,0,Brown,35.1,32.2,100.0,1,0.02,20.8,#A06400,2.58,2
429,#B47820,180,120,32,Brown,35.7,41.6,69.8,3,0.06,20.8,#B07430,3.6,16
430,#8C6428,140,100,40,Brown,36.0,35.3,55.6,7,0.13,30.0,#845814,4.37,1
431,#9C7438,156,116,56,Brown,36.0,41.6,47.2,2,0.04,24.2,#A0783C,1.52,25
432,#845814,132,88,20,Brown,36.4,29.8,73.7,1,0.02,62.3,#805400,2.2,2
433,#716044,113,96,68,Brown,37.3,35.5,24.9,1,0.02,13.9,#6A5E47,2.79,1
434,#A06400,160,100,0,Brown,37.5,31.4,100.0,2,0.04,48.5,#A46000,2.58,1
435,#886C3C,136,108,60,Brown,37.9,38.4,38.8,2,0.04,53.1,#8C7038,2.39,63
436,#805400,128,84,0,Brown,39.4,25.1,100.0,2,0.04,15.0,#785000,2.06,3
437,#6A5E47,106,94,71,Brown,39.4,34.7,19.8,1,0.02,54.3,#716044,2.79,1
438,#604000,96,64,0,Brown,40.0,18.8,100.0,206,3.8,72.7,#603800,4.28,36
439,#503C14,80,60,20,Brown,40.0,19.6,60.0,85,1.57,80.8,#4C3400,3.49,1
440,#403828,64,56,40,Brown,40.0,20.4,23.1,1,0.02,9.2,#483824,4.6,1
441,#785000,120,80,0,Brown,40.0,23.5,100.0,3,0.06,17.3,#805400,2.06,2
442,#996600,153,102,0,Brown,40.0,30.0,100.0,1,0.02,2.3,#A06400,2.75,2
443,#685838,104,88,56,Brown,40.0,31.4,30.0,1,0.02,25.4,#716044,3.46,1
444,#8C7038,140,112,56,Brown,40.0,38.4,42.9,63,1.16,115.5,#886C3C,2.39,2
445,#A37A28,163,122,40,Brown,40.0,39.8,60.6,1,0.02,4.6,#AC7F24,2.53,1
446,#AC7F24,172,127,36,Brown,40.1,40.8,65.4,1,0.02,19.6,#A37A28,2.53,1
447,#4C3400,76,52,0,Brown,41.1,14.9,100.0,1,0.02,15.0,#503C14,3.49,85
448,#887448,136,116,72,Brown,41.2,40.8,30.8,1,0.02,18.5,#907B53,3.18,1
449,#746440,116,100,64,Brown,41.5,35.3,28.9,1,0.02,40.4,#716044,3.13,1
450,#C88C00,200,140,0,Brown,42.0,39.2,100.0,59,1.09,34.6,#BC8C00,3.44,186
451,#886000,136,96,0,Brown,42.4,26.7,100.0,5,0.09,50.8,#996600,4.5,1
452,#D09800,208,152,0,Brown,43.8,40.8,100.0,262,4.84,52.0,#C89800,2.24,75
453,#A47800,164,120,0,Brown,43.9,32.2,100.0,1,0.02,4.6,#A07C00,2.75,1
454,#B0840C,176,132,12,Brown,43.9,36.9,87.2,2,0.04,36.9,#A88000,2.09,3
455,#BC8C00,188,140,0,Brown,44.7,36.9,100.0,186,3.43,115.5,#BE8F2C,2.94,3
456,#766123,118,97,35,Brown,44.8,30.0,54.2,1,0.02,5.8,#706420,3.59,1
457,#906C00,144,108,0,Yellow,45.0,28.2,100.0,1,0.02,4.6,#886000,4.76,5
458,#F0E8D0,240,232,208,Yellow,45.0,87.8,51.6,3,0.06,10.4,#E8E4D0,2.23,1
459,#F5B800,245,184,0,Yellow,45.1,48.0,100.0,1,0.02,1.2,#F8B400,2.03,3
460,#F6C42B,246,196,43,Yellow,45.2,56.7,91.9,1,0.02,3.5,#ECBE42,2.94,1
461,#C89800,200,152,0,Yellow,45.6,39.2,100.0,75,1.38,48.5,#D09800,2.24,262
462,#D8A810,216,168,16,Yellow,45.6,45.5,86.2,1,0.02,47.3,#DAA520,2.12,1
463,#A88000,168,128,0,Yellow,45.7,32.9,100.0,3,0.06,6.9,#B0840C,2.09,2
464,#2A230C,42,35,12,Yellow,46.0,10.6,55.6,1,0.02,3.5,#2A2303,2.18,27
465,#C8BC94,200,188,148,Yellow,46.2,68.2,32.1,2,0.04,23.1,#C4B888,2.43,1
466,#A07C00,160,124,0,Yellow,46.5,31.4,100.0,1,0.02,3.5,#A88000,2.09,3
467,#DFAF00,223,175,0,Yellow,47.1,43.7,100.0,2,0.04,4.6,#D8B000,2.15,81
468,#B49830,180,152,48,Yellow,47.3,44.7,57.9,1,0.02,2.3,#B89800,3.24,3
469,#604C00,96,76,0,Yellow,47.5,18.8,100.0,1,0.02,6.9,#604000,6.32,206
470,#A89448,168,148,72,Yellow,47.5,47.1,40.0,1,0.02,30.0,#B49440,3.88,1
471,#C49C00,196,156,0,Yellow,47.8,38.4,100.0,3,0.06,2.3,#C89800,2.48,75
472,#BCAC6C,188,172,108,Yellow,48.0,58.0,37.4,1,0.02,3.5,#B0A458,3.83,1
473,#C4B888,196,184,136,Yellow,48.0,65.1,33.7,1,0.02,3.5,#C8BC94,2.43,2
474,#D8C888,216,200,136,Yellow,48.0,69.0,50.6,1,0.02,2.3,#D0C888,2.51,1
475,#F8F0D0,248,240,208,Yellow,48.0,89.4,74.1,1,0.02,35.8,#F8F4D0,2.28,30
476,#DCB824,220,184,36,Yellow,48.3,50.2,72.4,1,0.02,2.3,#DCBC00,2.19,19
477,#F8E38C,248,227,140,Yellow,48.3,76.1,88.5,19,0.35,56.6,#FCEC94,2.25,3
478,#FCCC00,252,204,0,Yellow,48.6,49.4,100.0,30,0.55,24.2,#F0C800,2.3,3
479,#D8B000,216,176,0,Yellow,48.9,42.4,100.0,81,1.5,27.7,#DFAF00,2.15,2
480,#9C8000,156,128,0,Yellow,49.2,30.6,100.0,9,0.17,25.4,#A07C00,2.74,1
481,#CCA800,204,168,0,Yellow,49.4,40.0,100.0,4,0.07,17.3,#CDAD00,1.7,2
482,#B89800,184,152,0,Yellow,49.6,36.1,100.0,3,0.06,5.8,#BCA010,2.52,1
483,#DDD5AF,221,213,175,Yellow,49.6,77.6,40.4,8,0.15,8.1,#E4E0B8,2.87,1
484,#E8C000,232,192,0,Yellow,49.7,45.5,100.0,1323,24.42,69.3,#F0C800,2.02,3
485,#A08C28,160,140,40,Yellow,50.0,39.2,60.0,3,0.06,2.3,#A89448,4.45,1
486,#F0C800,240,200,0,Yellow,50.0,47.1,100.0,3,0.06,4.6,#E8C000,2.02,1323
487,#FCDC3C,252,220,60,Yellow,50.0,61.2,97.0,1,0.02,13.9,#FADC00,2.41,13
488,#E8E4D0,232,228,208,Yellow,50.0,86.3,34.3,1,0.02,18.5,#F0E8D0,2.23,3
489,#BCA010,188,160,16,Yellow,50.2,40.0,84.3,1,0.02,3.5,#B89800,2.52,3
490,#CCC7AD,204,199,173,Yellow,50.3,73.9,23.3,1,0.02,1.2,#D4D0B4,2.28,1
491,#CDAD00,205,173,0,Yellow,50.6,40.2,100.0,2,0.04,6.9,#CCA800,1.7,4
492,#FFD700,255,215,0,Yellow,50.6,50.0,100.0,12,0.22,6.9,#FADC00,2.57,13
493,#E8D468,232,212,104,Yellow,50.6,65.9,73.6,1,0.02,3.5,#F8E38C,4.82,19
494,#FCEC94,252,236,148,Yellow,50.8,78.4,94.5,3,0.06,6.9,#F8E38C,2.25,19
495,#F8EEB7,248,238,183,Yellow,50.8,84.5,82.3,1,0.02,40.4,#F0F0B0,3.56,5
496,#706420,112,100,32,Yellow,51.0,28.2,55.6,1,0.02,3.5,#766123,3.59,1
497,#DCBC00,220,188,0,Yellow,51.3,43.1,100.0,19,0.35,17.3,#DCB824,2.19,1
498,#FCF8E0,252,248,224,Yellow,51.4,93.3,82.4,1,0.02,4.6,#F0F0D8,2.53,7
499,#D0B404,208,180,4,Yellow,51.8,41.6,96.2,1,0.02,3.5,#CDAD00,2.09,2
500,#B0A458,176,164,88,Yellow,51.8,51.8,35.8,1,0.02,9.2,#BCAC6C,3.83,1
501,#D4D0B4,212,208,180,Yellow,52.5,76.9,27.1,1,0.02,2.3,#CCC7AD,2.28,1
502,#ECE8CC,236,232,204,Yellow,52.5,86.3,45.7,2,0.04,57.7,#F0E8D0,2.54,3
503,#FADC00,250,220,0,Yellow,52.8,49.0,100.0,13,0.24,34.6,#F0DA0F,2.07,1
504,#B8A82C,184,168,44,Yellow,53.1,44.7,61.4,2,0.04,4.6,#BCA010,4.02,1
505,#D0C888,208,200,136,Yellow,53.3,67.5,43.4,1,0.02,2.3,#D8C888,2.51,1
506,#F8F4D0,248,244,208,Yellow,54.0,89.4,74.1,30,0.55,78.5,#F8F0D0,2.28,1
507,#FFE600,255,230,0,Yellow,54.1,50.0,100.0,48,0.89,48.5,#FADC00,2.4,13
508,#F0DA0F,240,218,15,Yellow,54.1,50.0,88.2,1,0.02,2.3,#FADC00,2.07,13
509,#E4E0B8,228,224,184,Yellow,54.5,80.8,44.9,1,0.02,4.6,#DDD5AF,2.87,8
510,#C4BC68,196,188,104,Yellow,54.8,58.8,43.8,25,0.46,20.8,#BDBD65,2.29,1
511,#FFF68F,255,246,143,Yellow,55.2,78.0,100.0,1,0.02,1.2,#FAFA96,2.43,2
512,#D8C800,216,200,0,Yellow,55.6,42.4,100.0,2,0.04,3.5,#D3CC20,2.49,4
513,#69674D,105,103,77,Yellow,55.7,35.7,15.4,1,0.02,20.8,#70714D,4.84,1
514,#FEF67A,254,246,122,Yellow,56.4,73.7,98.5,1,0.02,2.3,#FFFF80,2.44,1
515,#F0E200,240,226,0,Yellow,56.5,47.1,100.0,2,0.04,4.6,#F0DA0F,2.44,1
516,#FFF542,255,245,66,Yellow,56.8,62.9,100.0,1,0.02,2.3,#EEEE00,3.2,3
517,#D4D07C,212,208,124,Yellow,57.3,65.9,50.6,3,0.06,8.1,#D0C888,4.05,1
518,#D3CC20,211,204,32,Yellow,57.7,47.6,73.7,4,0.07,4.6,#D8C800,2.49,2
519,#97967D,151,150,125,Yellow,57.7,54.1,11.1,1,0.02,19.6,#848870,5.65,1
520,#525014,82,80,20,Yellow,58.1,20.0,60.8,1,0.02,18.5,#484800,3.29,6
521,#C8C44C,200,196,76,Yellow,58.1,54.1,53.0,1,0.02,10.4,#D4D44E,4.03,2
522,#343400,52,52,0,Yellow,60.0,10.2,100.0,1,0.02,9.2,#44481C,6.73,1
523,#484800,72,72,0,Yellow,60.0,14.1,100.0,6,0.11,36.9,#525014,3.29,1
524,#606000,96,96,0,Yellow,60.0,18.8,100.0,1,0.02,6.9,#6C6C00,4.49,1
525,#6C6C00,108,108,0,Yellow,60.0,21.2,100.0,1,0.02,16.2,#606000,4.49,1
526,#505028,80,80,40,Yellow,60.0,23.5,33.3,3,0.06,18.5,#44481C,3.52,1
527,#9C9C00,156,156,0,Yellow,60.0,30.6,100.0,14,0.26,6.9,#A8A834,4.45,1
528,#777733,119,119,51,Yellow,60.0,33.3,40.0,2,0.04,34.6,#707830,2.49,1
529,#757547,117,117,71,Yellow,60.0,36.9,24.5,1,0.02,25.4,#70714D,3.1,1
530,#A8A834,168,168,52,Yellow,60.0,43.1,52.7,1,0.02,4.6,#B0B430,3.59,1
531,#EEEE00,238,238,0,Yellow,60.0,46.7,100.0,3,0.06,27.7,#FFF542,3.2,1
532,#FFFF00,255,255,0,Yellow,60.0,50.0,100.0,25,0.46,27.7,#F2FD00,2.34,1
533,#D4D44E,212,212,78,Yellow,60.0,56.9,60.9,2,0.04,6.9,#D0D40C,4.0,1
534,#BDBD65,189,189,101,Yellow,60.0,56.9,40.0,1,0.02,11.5,#C4BC68,2.29,25
535,#D8D898,216,216,152,Yellow,60.0,72.2,45.1,4,0.07,13.9,#D0C888,4.24,1
536,#D0D0A8,208,208,168,Yellow,60.0,73.7,29.9,1,0.02,2.3,#DDD5AF,3.58,8
537,#FFFF80,255,255,128,Yellow,60.0,75.1,100.0,1,0.02,18.5,#FEF67A,2.44,1
538,#FAFA96,250,250,150,Yellow,60.0,78.4,90.9,2,0.04,4.6,#FFF68F,2.43,1
539,#F0F0B0,240,240,176,Yellow,60.0,81.6,68.1,5,0.09,16.2,#F8EEB7,3.56,1
540,#FFFFAA,255,255,170,Yellow,60.0,83.3,100.0,1,0.02,4.6,#FAFA96,2.66,2
541,#F0F0D8,240,240,216,Yellow,60.0,89.4,44.4,7,0.13,52.0,#FCF8E0,2.53,1
542,#FCFCDC,252,252,220,Yellow,60.0,92.5,84.2,2,0.04,20.8,#F8F4D0,2.4,30
543,#D0D40C,208,212,12,Yellow,61.2,43.9,89.3,1,0.02,4.6,#D3CC20,2.92,4
544,#EFF265,239,242,101,Yellow,61.3,67.3,84.4,1,0.02,5.8,#FEF67A,3.24,1
545,#70714D,112,113,77,Yellow,61.7,37.3,18.9,1,0.02,4.6,#757547,3.1,1
546,#B0B430,176,180,48,Yellow,61.8,44.7,57.9,1,0.02,2.3,#A8A834,3.59,1
547,#7C7D5D,124,125,93,Yellow,61.9,42.7,14.7,1,0.02,12.7,#747C60,3.35,1
548,#919441,145,148,65,Yellow,62.2,41.8,39.0,2,0.04,2.3,#949C40,2.81,1
549,#F2FD00,242,253,0,Yellow,62.6,49.6,100.0,1,0.02,1.2,#FFFF00,2.34,25
550,#BCC41C,188,196,28,Yellow,62.9,43.9,75.0,1,0.02,3.5,#C8C44C,4.36,1
551,#888C48,136,140,72,Yellow,63.5,41.6,32.1,1,0.02,2.3,#808834,3.41,1
552,#585C20,88,92,32,Yellow,64.0,24.3,48.4,2,0.04,21.9,#5C6428,2.93,89
553,#F4F8C8,244,248,200,Yellow,65.0,87.8,77.4,1,0.02,5.8,#F4F8D0,2.04,2
554,#949C40,148,156,64,Yellow,65.2,43.1,41.8,1,0.02,16.2,#919441,2.81,2
555,#E1F231,225,242,49,Yellow,65.3,57.1,88.1,1,0.02,3.5,#F2FD00,3.65,1
556,#44481C,68,72,28,Yellow,65.5,19.6,44.0,1,0.02,12.7,#505028,3.52,3
557,#808834,128,136,52,Yellow,65.7,36.9,44.7,1,0.02,92.4,#888C48,3.41,1
558,#F4F8D0,244,248,208,Yellow,66.0,89.4,74.1,2,0.04,23.1,#F4F8C8,2.04,1
559,#707830,112,120,48,Yellow,66.7,32.9,42.9,1,0.02,13.9,#777733,2.49,2
560,#C0C4A0,192,196,160,Yellow,66.7,69.8,23.4,1,0.02,23.1,#D0D0A8,3.6,1
561,#5C6428,92,100,40,Yellow,68.0,27.5,42.9,89,1.64,69.3,#585C20,2.93,2
562,#C8E040,200,224,64,Yellow,69.0,56.5,72.1,1,0.02,2.3,#B6DF1A,3.21,1
563,#B6BE8F,182,190,143,Green,70.2,65.3,26.6,3,0.06,12.7,#ACB884,2.52,1
564,#767E52,118,126,82,Green,70.9,40.8,21.2,3,0.06,50.8,#708048,3.43,2
565,#647C00,100,124,0,Green,71.6,24.3,100.0,3,0.06,27.7,#707830,5.92,1
566,#B6DF1A,182,223,26,Green,72.5,48.8,79.1,1,0.02,5.8,#C8E040,3.21,1
567,#ACB884,172,184,132,Green,73.8,62.0,26.8,1,0.02,27.7,#B6BE8F,2.52,3
568,#384020,56,64,32,Green,75.0,18.8,33.3,1,0.02,5.8,#324114,4.01,2
569,#505444,80,84,68,Green,75.0,29.8,10.5,1,0.02,18.5,#485444,3.77,1
570,#708048,112,128,72,Green,77.1,39.2,28.0,2,0.04,11.5,#767E52,3.43,3
571,#747C60,116,124,96,Green,77.1,43.1,12.7,1,0.02,13.9,#7C7D5D,3.35,1
572,#889C5C,136,156,92,Green,78.8,48.6,25.8,2,0.04,69.3,#809850,2.39,1
573,#283C00,40,60,0,Green,80.0,11.8,100.0,1,0.02,11.5,#204000,2.98,2
574,#324114,50,65,20,Green,80.0,16.7,52.9,2,0.04,15.0,#283C00,3.41,1
575,#669900,102,153,0,Green,80.0,30.0,100.0,1,0.02,4.6,#509721,4.84,2
576,#688038,104,128,56,Green,80.0,36.1,39.1,1,0.02,13.9,#708048,3.51,2
577,#809850,128,152,80,Green,80.0,45.5,31.0,1,0.02,34.6,#889C5C,2.39,2
578,#688C28,104,140,40,Green,81.6,35.3,55.6,1,0.02,4.6,#608C36,3.12,2
579,#344C14,52,76,20,Green,85.7,18.8,58.3,1,0.02,5.8,#324114,4.24,2
580,#445C24,68,92,36,Green,85.7,25.1,43.8,1,0.02,15.0,#446428,2.96,1
581,#A4CC74,164,204,116,Green,87.3,62.7,46.3,1,0.02,11.5,#86C67C,6.15,7
582,#204000,32,64,0,Green,90.0,12.5,100.0,2,0.04,34.6,#283C00,2.98,1
583,#608C36,96,140,54,Green,90.7,38.0,44.3,2,0.04,3.5,#688C28,3.12,1
584,#446428,68,100,40,Green,92.0,27.5,42.9,1,0.02,6.9,#486934,2.54,1
585,#98B480,152,180,128,Green,92.3,60.4,25.7,1,0.02,16.2,#ACB884,4.66,1
586,#285800,40,88,0,Green,92.7,17.3,100.0,183,3.38,115.5,#255210,3.34,1
587,#347400,52,116,0,Green,93.1,22.7,100.0,1,0.02,18.5,#397D02,3.18,2
588,#397D02,57,125,2,Green,93.2,24.9,96.9,2,0.04,28.9,#347400,3.18,1
589,#507830,80,120,48,Green,93.3,32.9,42.9,2,0.04,13.9,#50783C,2.51,3
590,#54CC00,84,204,0,Green,95.3,40.0,100.0,1,0.02,16.2,#00C814,4.03,3
591,#587C40,88,124,64,Green,96.0,36.9,31.9,2,0.04,6.9,#50783C,1.97,3
592,#509721,80,151,33,Green,96.1,36.1,64.1,2,0.04,34.6,#379313,3.03,1
593,#486934,72,105,52,Green,97.4,30.8,33.8,1,0.02,11.5,#446428,2.54,1
594,#649848,100,152,72,Green,99.0,43.9,35.7,21,0.39,47.3,#589454,4.15,1
595,#23321B,35,50,27,Green,99.1,15.1,29.9,16,0.3,71.6,#142814,3.97,1
596,#3B522F,59,82,47,Green,99.4,25.3,27.1,1,0.02,6.9,#2F4F2F,3.1,1
597,#184800,24,72,0,Green,100.0,14.1,100.0,4,0.07,23.1,#004800,2.38,10
598,#50783C,80,120,60,Green,100.0,35.3,33.3,3,0.06,46.2,#587C40,1.97,2
599,#74846C,116,132,108,Green,100.0,47.1,10.0,3,0.06,34.6,#6F8070,3.33,1
600,#255210,37,82,16,Green,100.9,19.2,67.3,1,0.02,28.9,#285800,3.34,183
601,#405C34,64,92,52,Green,102.0,28.2,27.8,1,0.02,18.5,#49653F,3.29,2
602,#379313,55,147,19,Green,103.1,32.5,77.1,1,0.02,2.3,#009900,2.99,2
603,#448C28,68,140,40,Green,103.2,35.3,55.6,1,0.02,11.5,#3D8B37,2.85,1
604,#49653F,73,101,63,Green,104.2,32.2,23.2,2,0.04,8.1,#405C34,3.29,1
605,#485444,72,84,68,Green,105.0,29.8,10.5,1,0.02,6.9,#505444,3.77,1
606,#3C7828,60,120,40,Green,105.0,31.4,50.0,1,0.02,13.9,#447C34,2.24,3
607,#8CDC74,140,220,116,Green,106.2,65.9,59.8,1,0.02,3.5,#A4CC74,6.35,1
608,#447C34,68,124,52,Green,106.7,34.5,40.9,3,0.06,18.5,#3C7828,2.24,1
609,#146400,20,100,0,Green,108.0,19.6,100.0,21,0.39,32.3,#006400,1.05,20
610,#447438,68,116,56,Green,108.0,33.7,34.9,8,0.15,73.9,#50783C,2.46,3
611,#508844,80,136,68,Green,109.4,40.0,33.3,2,0.04,13.9,#3D8B37,3.41,1
612,#2CA418,44,164,24,Green,111.4,36.9,74.5,1,0.02,2.3,#00A424,2.12,1
613,#86C67C,134,198,124,Green,111.9,63.1,39.4,7,0.13,24.2,#68C060,5.0,1
614,#289C18,40,156,24,Green,112.7,35.3,73.3,211,3.9,63.5,#009900,1.82,2
615,#208414,32,132,20,Green,113.6,29.8,73.7,1,0.02,2.3,#00881C,2.02,3
616,#648860,100,136,96,Green,114.0,45.5,17.2,1,0.02,48.5,#589454,6.74,1
617,#3C6838,60,104,56,Green,115.0,31.4,30.0,1,0.02,32.3,#407040,2.81,1
618,#68C060,104,192,96,Green,115.0,56.5,43.2,1,0.02,30.0,#58BC60,2.17,1
619,#3D8B37,61,139,55,Green,115.7,38.0,43.3,1,0.02,34.6,#448C28,2.85,1
620,#589454,88,148,84,Green,116.2,45.5,27.6,1,0.02,41.6,#589C5C,2.71,1
621,#314B30,49,75,48,Green,117.8,24.1,22.0,1,0.02,32.3,#2F4F2F,2.26,1
622,#003000,0,48,0,Green,120.0,9.4,100.0,2,0.04,12.1,#002C04,2.11,1
623,#003800,0,56,0,Green,120.0,11.0,100.0,10,0.18,27.7,#004000,2.72,6
624,#142814,20,40,20,Green,120.0,11.8,33.3,1,0.02,15.0,#23321B,3.97,16
625,#004000,0,64,0,Green,120.0,12.5,100.0,6,0.11,69.3,#004800,2.62,10
626,#103010,16,48,16,Green,120.0,12.5,50.0,1,0.02,50.8,#002C04,2.89,1
627,#004800,0,72,0,Green,120.0,14.1,100.0,10,0.18,25.4,#004C00,1.29,109
628,#004C00,0,76,0,Green,120.0,14.9,100.0,109,2.01,101.6,#004800,1.29,10
629,#005800,0,88,0,Green,120.0,17.3,100.0,1,0.02,5.8,#005814,2.66,4
630,#006400,0,100,0,Green,120.0,19.6,100.0,20,0.37,57.7,#146400,1.05,21
631,#007800,0,120,0,Green,120.0,23.5,100.0,76,1.4,80.8,#007C00,1.38,6
632,#007C00,0,124,0,Green,120.0,24.3,100.0,6,0.11,30.0,#007800,1.38,76
633,#2F4F2F,47,79,47,Green,120.0,24.7,25.4,1,0.02,13.9,#314B30,2.26,1
634,#008000,0,128,0,Green,120.0,25.1,100.0,8,0.15,34.6,#007C00,1.4,6
635,#285828,40,88,40,Green,120.0,25.1,37.5,4,0.07,24.2,#154D1E,3.89,3
636,#008B00,0,139,0,Green,120.0,27.3,100.0,34,0.63,47.3,#00881C,2.41,3
637,#009900,0,153,0,Green,120.0,30.0,100.0,2,0.04,13.9,#289C18,1.82,211
638,#287828,40,120,40,Green,120.0,31.4,50.0,1,0.02,15.0,#3C7828,2.52,1
639,#288028,40,128,40,Green,120.0,32.9,52.4,5,0.09,57.7,#00801C,2.1,1
640,#228B22,34,139,34,Green,120.0,33.9,60.7,3,0.06,43.3,#00881C,1.75,3
641,#407040,64,112,64,Green,120.0,34.5,27.3,1,0.02,6.9,#487048,2.4,3
642,#487048,72,112,72,Green,120.0,36.1,21.7,3,0.06,41.6,#3E6F48,2.0,2
643,#40A040,64,160,64,Green,120.0,43.9,42.9,1,0.02,18.5,#44A054,3.37,2
644,#3CC83C,60,200,60,Green,120.0,51.0,56.0,4,0.07,16.2,#00C814,2.72,3
645,#70A870,112,168,112,Green,120.0,54.9,24.3,1,0.02,18.5,#70A880,4.14,1
646,#256527,37,101,39,Green,121.9,27.1,46.4,1,0.02,5.8,#006428,2.82,16
647,#589C5C,88,156,92,Green,123.5,47.8,27.9,1,0.02,2.3,#589454,2.71,1
648,#30AC38,48,172,56,Green,123.9,43.1,56.4,2,0.04,46.2,#00A424,3.19,1
649,#58BC60,88,188,96,Green,124.8,54.1,42.7,1,0.02,3.5,#68C060,2.17,1
650,#00C814,0,200,20,Green,126.0,39.2,100.0,3,0.06,5.8,#3CC83C,2.72,4
651,#347C3C,52,124,60,Green,126.7,34.5,40.9,1,0.02,25.4,#307840,2.19,3
652,#355F3B,53,95,59,Green,128.6,29.0,28.4,2,0.04,43.9,#23613C,3.12,1
653,#154D1E,21,77,30,Green,129.6,19.2,57.1,3,0.06,42.7,#005020,2.04,661
654,#A0B8A4,160,184,164,Green,130.0,67.5,14.5,1,0.02,3.5,#9CB0A8,5.28,1
655,#248034,36,128,52,Green,130.4,32.2,56.1,1,0.02,11.5,#288028,2.17,5
656,#44A054,68,160,84,Green,130.4,44.7,40.4,2,0.04,41.6,#589C5C,3.1,1
657,#005010,0,80,16,Green,132.0,15.7,100.0,7,0.13,38.1,#004C00,2.36,109
658,#3E6F48,62,111,72,Green,132.2,33.9,28.3,2,0.04,13.9,#487048,2.0,3
659,#007418,0,116,24,Green,132.4,22.7,100.0,2,0.04,27.7,#007800,2.72,76
660,#00881C,0,136,28,Green,132.4,26.7,100.0,3,0.06,9.2,#228B22,1.75,3
661,#009420,0,148,32,Green,133.0,29.0,100.0,1,0.02,9.2,#009C24,2.66,1
662,#00801C,0,128,28,Green,133.1,25.1,100.0,1,0.02,34.6,#288028,2.1,5
663,#00A424,0,164,36,Green,133.2,32.2,100.0,1,0.02,3.5,#2CA418,2.12,1
664,#307840,48,120,64,Green,133.3,32.9,42.9,3,0.06,23.1,#347C3C,2.19,1
665,#004710,0,71,16,Green,133.5,13.9,100.0,4,0.07,53.1,#004000,2.81,6
666,#005814,0,88,20,Green,133.6,17.3,100.0,4,0.07,73.9,#005C20,2.15,1
667,#006818,0,104,24,Green,133.8,20.4,100.0,1548,28.58,129.3,#006E21,2.11,2
668,#009C24,0,156,36,Green,133.8,30.6,100.0,1,0.02,11.5,#289C18,2.09,211
669,#58BC70,88,188,112,Green,134.4,54.1,42.7,1,0.02,4.6,#58BC60,2.9,1
670,#96C8A2,150,200,162,Green,134.4,68.6,31.2,1,0.02,11.5,#84C0A0,3.71,1
671,#20943C,32,148,60,Green,134.5,35.3,64.4,1,0.02,36.9,#009420,3.55,1
672,#75A481,117,164,129,Green,135.3,55.1,20.5,1,0.02,20.8,#70A880,2.03,1
673,#203B27,32,59,39,Green,135.6,17.8,29.7,3,0.06,16.2,#21412D,2.14,1
674,#36924F,54,146,79,Green,136.3,39.2,46.0,1,0.02,2.3,#20943C,3.68,1
675,#549C68,84,156,104,Green,136.7,47.1,30.0,1,0.02,18.5,#589C5C,3.01,1
676,#70A880,112,168,128,Green,137.1,54.9,24.3,1,0.02,31.2,#75A481,2.03,1
677,#00611C,0,97,28,Green,137.3,19.0,100.0,2,0.04,45.0,#005C20,2.16,1
678,#006E21,0,110,33,Green,138.0,21.6,100.0,2,0.04,13.9,#006818,2.11,1548
679,#1E492B,30,73,43,Green,138.1,20.2,41.7,4,0.07,69.3,#14492D,1.75,2
680,#10712E,16,113,46,Green,138.6,25.3,75.2,1,0.02,27.7,#006E21,2.18,2
681,#124B24,18,75,36,Green,138.9,18.2,61.3,6,0.11,23.1,#154D1E,2.22,3
682,#003C14,0,60,20,Green,140.0,11.8,100.0,47,0.87,71.6,#003800,3.62,10
683,#005C20,0,92,32,Green,140.9,18.0,100.0,1,0.02,79.7,#005814,2.15,4
684,#334E3D,51,78,61,Green,142.2,25.3,20.9,4,0.07,15.0,#314B30,4.07,1
685,#21412D,33,65,45,Green,142.5,19.2,32.7,1,0.02,20.8,#203B27,2.14,3
686,#A5CDB4,165,205,180,Green,142.5,72.5,28.6,2,0.04,20.8,#B8DCC8,4.39,2
687,#005020,0,80,32,Green,144.0,15.7,100.0,661,12.2,95.8,#154D1E,2.04,3
688,#006428,0,100,40,Green,144.0,19.6,100.0,16,0.3,97.0,#00611C,2.19,2
689,#23613C,35,97,60,Green,144.2,25.9,47.0,1,0.02,9.2,#00643C,2.72,49
690,#003014,0,48,20,Green,145.0,9.4,100.0,21,0.39,55.4,#103010,3.1,1
691,#648070,100,128,112,Green,145.7,44.7,12.3,1,0.02,11.5,#6F8070,3.72,1
692,#789484,120,148,132,Green,145.7,52.5,11.6,83,1.53,78.5,#78A692,6.6,1
693,#00C957,0,201,87,Green,146.0,39.4,100.0,1,0.02,24.2,#3CC83C,4.24,4
694,#2E8B57,46,139,87,Green,146.5,36.3,50.3,1,0.02,3.5,#38885C,2.15,1
695,#B8DCC8,184,220,200,Green,146.7,79.2,34.0,2,0.04,8.1,#A5CDB4,4.39,2
696,#31694A,49,105,74,Green,146.8,30.2,36.4,2,0.04,10.4,#30644C,2.71,3
697,#38885C,56,136,92,Green,147.0,37.6,41.7,1,0.02,20.8,#2E8B57,2.15,1
698,#84C0A0,132,192,160,Green,148.0,63.5,32.3,1,0.02,6.9,#96C8A2,3.71,1
699,#14492D,20,73,45,Green,148.3,18.2,57.0,2,0.04,11.5,#1E492B,1.75,4
700,#008440,0,132,64,Green,149.1,25.9,100.0,2,0.04,46.2,#008B45,2.51,3
701,#008B45,0,139,69,Green,149.8,27.3,100.0,3,0.06,28.9,#008440,2.51,2
702,#005028,0,80,40,Green,150.0,15.7,100.0,6,0.11,50.8,#005020,2.16,661
703,#006633,0,102,51,Green,150.0,20.0,100.0,2,0.04,27.7,#006C3C,2.29,3
704,#2C5C44,44,92,68,Green,150.0,26.7,35.3,1,0.02,24.2,#30644C,2.7,3
705,#387858,56,120,88,Green,150.0,34.5,36.4,1,0.02,13.9,#207C58,2.95,2
706,#408060,64,128,96,Green,150.0,37.6,33.3,142,2.62,64.7,#387858,3.06,1
707,#5CAC84,92,172,132,Green,150.0,51.8,32.5,1,0.02,21.9,#70A880,3.6,1
708,#005C30,0,92,48,Green,151.3,18.0,100.0,3,0.06,50.8,#005834,2.41,9
709,#1A5137,26,81,55,Green,151.6,21.0,51.4,2,0.04,23.1,#14492D,2.75,2
710,#70B494,112,180,148,Green,151.8,57.3,31.2,1,0.02,16.2,#84C0A0,3.92,1
711,#30644C,48,100,76,Green,152.3,29.0,35.1,3,0.06,25.4,#2C5C44,2.7,1
712,#004828,0,72,40,Green,153.3,14.1,100.0,2,0.04,27.7,#004428,1.66,2
713,#006C3C,0,108,60,Green,153.3,21.2,100.0,3,0.06,28.9,#006633,2.29,2
714,#406454,64,100,84,Green,153.3,32.2,22.0,1,0.02,25.4,#406054,2.23,10
715,#78A692,120,166,146,Green,153.9,56.1,20.5,1,0.02,9.2,#6AA28C,2.69,1
716,#007844,0,120,68,Green,154.0,23.5,100.0,1,0.02,16.2,#307840,3.51,3
717,#003820,0,56,32,Green,154.3,11.0,100.0,287,5.3,77.4,#003C28,2.17,3
718,#004428,0,68,40,Green,155.3,13.3,100.0,2,0.04,132.8,#004828,1.66,2
719,#005834,0,88,52,Green,155.5,17.3,100.0,9,0.17,57.7,#005C30,2.41,3
720,#005030,0,80,48,Green,156.0,15.7,100.0,8,0.15,36.9,#005028,2.46,6
721,#00643C,0,100,60,Green,156.0,19.6,100.0,49,0.9,50.8,#23613C,2.72,1
722,#008C54,0,140,84,Green,156.0,27.5,100.0,1,0.02,10.4,#2E8B57,2.16,1
723,#9CB0A8,156,176,168,Green,156.0,65.1,11.2,1,0.02,4.6,#A0B8A4,5.28,1
724,#6AA28C,106,162,140,Green,156.4,52.5,23.1,1,0.02,5.8,#78A692,2.69,1
725,#207C58,32,124,88,Green,156.5,30.6,59.0,2,0.04,12.7,#1B835D,2.51,1
726,#00FA9A,0,250,154,Green,157.0,49.0,100.0,1,0.02,1.2,#8CDC74,11.46,1
727,#28AE7B,40,174,123,Green,157.2,42.0,62.6,1,0.02,4.6,#5CAC84,4.75,1
728,#004028,0,64,40,Green,157.5,12.5,100.0,27,0.5,35.8,#004428,1.73,2
729,#406054,64,96,84,Green,157.5,31.4,20.0,10,0.18,34.6,#406454,2.23,1
730,#1B835D,27,131,93,Green,158.1,31.0,65.8,1,0.02,36.9,#207C58,2.51,2
731,#1E2925,30,41,37,Green,158.2,13.9,15.5,1,0.02,69.3,#233634,4.86,1
732,#238E68,35,142,104,Green,158.7,34.7,60.5,1,0.02,3.5,#009468,2.5,12
733,#003C28,0,60,40,Green,160.0,11.8,100.0,3,0.06,46.2,#004028,1.82,27
734,#31443E,49,68,62,Green,161.1,22.9,16.2,1,0.02,6.9,#233634,4.93,1
735,#20483C,32,72,60,Green,162.0,20.4,38.5,1,0.02,2.3,#165041,3.68,1
736,#009468,0,148,104,Green,162.2,29.0,100.0,12,0.22,46.2,#238E68,2.5,1
737,#06392B,6,57,43,Green,163.5,12.4,81.0,2,0.04,9.2,#003C28,2.74,3
738,#215E4E,33,94,78,Green,164.3,24.9,48.0,1,0.02,9.2,#206058,3.58,1
739,#165041,22,80,65,Green,164.5,20.0,56.9,1,0.02,18.5,#005448,2.62,24
740,#547C73,84,124,115,Teal,166.5,40.8,19.2,1,0.02,1.2,#4A7472,4.37,1
741,#006B54,0,107,84,Teal,167.1,21.0,100.0,1,0.02,27.7,#007460,3.44,10
742,#0CDCB4,12,220,180,Teal,168.5,45.5,89.7,1,0.02,3.5,#84C0A0,11.39,1
743,#007460,0,116,96,Teal,169.7,22.7,100.0,10,0.18,62.3,#006B54,3.44,1
744,#2D695F,45,105,95,Teal,170.0,29.4,40.0,1,0.02,6.9,#206058,3.29,1
745,#005448,0,84,72,Teal,171.4,16.5,100.0,24,0.44,69.3,#165041,2.62,1
746,#206058,32,96,88,Teal,172.5,25.1,50.0,1,0.02,17.3,#2D695F,3.29,1
747,#233634,35,54,52,Teal,173.7,17.5,21.3,1,0.02,32.3,#1E2925,4.86,1
748,#204844,32,72,68,Teal,174.0,20.4,38.5,1,0.02,12.7,#084848,3.18,1
749,#43A5A0,67,165,160,Teal,176.9,45.5,42.2,1,0.02,1.2,#5F9EA0,5.49,1
750,#4A7472,74,116,114,Teal,177.1,37.3,22.1,1,0.02,23.1,#547C73,4.37,1
751,#3B5554,59,85,84,Teal,177.7,28.2,18.1,2,0.04,69.3,#2F4F4F,2.82,3
752,#00B8B4,0,184,180,Teal,178.7,36.1,100.0,1,0.02,18.5,#54B8B8,4.26,1
753,#084848,8,72,72,Teal,180.0,15.7,80.0,1,0.02,16.2,#204844,3.18,1
754,#0C5454,12,84,84,Teal,180.0,18.8,75.0,6,0.11,83.1,#0C585C,2.33,9
755,#2F4F4F,47,79,79,Teal,180.0,24.7,25.4,3,0.06,17.3,#3B5554,2.82,2
756,#008080,0,128,128,Teal,180.0,25.1,100.0,3,0.06,57.7,#048888,2.95,12
757,#048888,4,136,136,Teal,180.0,27.5,94.3,12,0.22,32.3,#008080,2.95,3
758,#2C6464,44,100,100,Teal,180.0,28.2,38.9,1,0.02,23.1,#206058,4.5,1
759,#506464,80,100,100,Teal,180.0,35.3,11.1,1,0.02,12.7,#506B71,4.02,1
760,#00C8C8,0,200,200,Teal,180.0,39.2,100.0,3,0.06,3.5,#00B8B4,4.52,1
761,#00FCFC,0,252,252,Teal,180.0,49.4,100.0,15,0.28,10.4,#82F5FA,6.01,3
762,#669999,102,153,153,Teal,180.0,50.0,20.0,1,0.02,28.9,#5F9EA0,2.36,1
763,#54B8B8,84,184,184,Teal,180.0,52.5,41.3,1,0.02,4.6,#00B8B4,4.26,1
764,#D8E8E8,216,232,232,Teal,180.0,87.8,25.8,1,0.02,49.1,#DCECF4,4.05,1
765,#B0DEDF,176,222,223,Teal,181.3,78.2,42.3,1,0.02,13.9,#ABCDD9,7.34,1
766,#5F9EA0,95,158,160,Teal,181.8,50.0,25.5,1,0.02,23.7,#669999,2.36,1
767,#82F5FA,130,245,250,Teal,182.5,74.5,92.3,3,0.06,4.6,#00FCFC,6.01,15
768,#0C585C,12,88,92,Teal,183.0,20.4,76.9,9,0.17,41.6,#0C5454,2.33,6
769,#0098A0,0,152,160,Teal,183.0,31.4,100.0,4,0.07,6.9,#00A0AC,2.99,1
770,#00A0AC,0,160,172,Teal,184.2,33.7,100.0,1,0.02,6.9,#0098A0,2.99,4
771,#247078,36,112,120,Teal,185.7,30.6,53.8,1,0.02,2.3,#2C6464,5.43,1
772,#587478,88,116,120,Teal,187.5,40.8,15.4,1,0.02,34.6,#506B71,3.53,1
773,#60949C,96,148,156,Teal,188.0,49.4,23.8,1,0.02,13.9,#669999,3.89,1
774,#427E89,66,126,137,Teal,189.3,39.8,35.0,1,0.02,53.1,#50818E,3.06,1
775,#506B71,80,107,113,Teal,190.9,37.8,17.1,1,0.02,13.9,#587478,3.53,1
776,#497681,73,118,129,Teal,191.8,39.6,27.7,1,0.02,17.3,#427E89,3.7,1
777,#2C3C40,44,60,64,Teal,192.0,21.2,18.5,1,0.02,16.2,#304048,2.84,2
778,#709098,112,144,152,Teal,192.0,51.8,16.3,1,0.02,2.3,#648894,3.47,3
779,#C8D8DC,200,216,220,Teal,192.0,82.4,22.2,1,0.02,3.5,#D4DCE0,3.51,1
780,#237F97,35,127,151,Teal,192.4,36.5,62.4,2,0.04,6.9,#427E89,4.73,1
781,#50818E,80,129,142,Teal,192.6,43.5,27.9,1,0.02,19.6,#427E89,3.06,1
782,#48A4C0,72,164,192,Teal,194.0,51.8,48.8,30,0.55,57.7,#33A1C9,3.52,1
783,#2C6C80,44,108,128,Teal,194.3,33.7,48.8,1,0.02,18.5,#40748C,4.58,3
784,#067396,6,115,150,Teal,194.6,30.6,92.3,1,0.02,17.3,#236B8E,3.53,2
785,#B8C4C8,184,196,200,Teal,195.0,75.3,12.7,1,0.02,34.6,#C0C8CC,2.11,1
786,#145064,20,80,100,Blue,195.0,23.5,66.7,2,0.04,63.5,#1C4C60,2.01,1
787,#006080,0,96,128,Blue,195.0,25.1,100.0,1,0.02,27.7,#00688B,2.84,2
788,#0099CC,0,153,204,Blue,195.0,40.0,100.0,2,0.04,82.0,#33A1C9,3.78,1
789,#648894,100,136,148,Blue,195.0,48.6,19.4,3,0.06,31.2,#608C9C,2.2,1
790,#88ACB8,136,172,184,Blue,195.0,62.7,25.3,1,0.02,35.8,#88A8B8,2.69,1
791,#00688B,0,104,139,Blue,195.1,27.3,100.0,2,0.04,25.4,#236B8E,2.17,2
792,#ABCDD9,171,205,217,Blue,195.7,76.1,37.7,1,0.02,46.2,#B4D4EC,5.6,1
793,#608C9C,96,140,156,Blue,196.0,49.4,23.8,1,0.02,13.9,#648894,2.2,3
794,#33A1C9,51,161,201,Blue,196.0,49.4,59.5,1,0.02,23.1,#48A4C0,3.52,30
795,#345460,52,84,96,Blue,196.4,29.0,29.7,1,0.02,18.5,#405460,3.8,1
796,#103848,16,56,72,Blue,197.1,17.3,63.6,1,0.02,48.5,#14465C,4.87,4
797,#87CEEB,135,206,235,Blue,197.4,72.5,71.4,1,0.02,57.7,#98D0F0,3.33,5
798,#1C4C60,28,76,96,Blue,197.6,24.3,54.8,1,0.02,4.6,#145064,2.01,2
799,#48788C,72,120,140,Blue,197.6,41.6,32.1,1,0.02,3.5,#40748C,2.16,3
800,#07648C,7,100,140,Blue,198.0,28.8,90.5,5,0.09,31.2,#206084,2.03,1
801,#607C88,96,124,136,Blue,198.0,45.5,17.2,1,0.02,4.6,#58788C,3.7,1
802,#14465C,20,70,92,Blue,198.3,22.0,64.3,4,0.07,34.6,#1C4C60,2.21,1
803,#40748C,64,116,140,Blue,198.9,40.0,37.3,3,0.06,25.4,#48788C,2.16,1
804,#236B8E,35,107,142,Blue,199.6,34.7,60.5,2,0.04,23.1,#00688B,2.17,2
805,#76A3B9,118,163,185,Blue,199.7,59.4,32.4,2,0.04,27.7,#80A0B4,2.98,1
806,#304048,48,64,72,Blue,200.0,23.5,20.0,2,0.04,34.6,#2C3C40,2.84,1
807,#006699,0,102,153,Blue,200.0,30.0,100.0,3,0.06,33.5,#1068A4,2.43,1
808,#2888B8,40,136,184,Blue,200.0,43.9,64.3,1,0.02,2.3,#3C82AF,2.91,196
809,#6098B4,96,152,180,Blue,200.0,54.1,35.9,2,0.04,32.3,#5C98BC,2.45,1
810,#88A8B8,136,168,184,Blue,200.0,62.7,25.3,1,0.02,36.9,#88ACB8,2.69,1
811,#94ACB8,148,172,184,Blue,200.0,65.1,20.2,1,0.02,55.4,#88A8B8,2.73,1
812,#C0C8CC,192,200,204,Blue,200.0,77.6,10.5,1,0.02,3.5,#B8C4C8,2.11,1
813,#D4DCE0,212,220,224,Blue,200.0,85.5,16.2,1,0.02,4.6,#C8D8DC,3.51,1
814,#DCECF4,220,236,244,Blue,200.0,91.0,52.2,1,0.02,19.6,#D4E8F4,2.06,1
815,#507C94,80,124,148,Blue,201.2,44.7,29.8,2,0.04,6.9,#58788C,2.66,1
816,#105880,16,88,128,Blue,201.4,28.2,77.8,3,0.06,32.3,#206084,2.98,1
817,#64889C,100,136,156,Blue,201.4,50.2,22.0,2,0.04,34.6,#688CA4,2.29,1
818,#206084,32,96,132,Blue,201.6,32.2,61.0,1,0.02,32.3,#07648C,2.03,5
819,#98D0F0,152,208,240,Blue,201.8,76.9,74.6,5,0.09,34.6,#98C8E8,2.38,78
820,#B0E2FF,176,226,255,Blue,202.0,84.5,100.0,1,0.02,2.3,#98D0F0,4.55,5
821,#5C8CA8,92,140,168,Blue,202.1,51.0,30.4,333,6.15,76.2,#688CA4,2.34,1
822,#486373,72,99,115,Blue,202.3,36.7,23.0,1,0.02,10.4,#506878,2.22,16
823,#1870A4,24,112,164,Blue,202.3,36.9,74.5,63,1.16,99.3,#1474B4,2.65,224
824,#4CA4D8,76,164,216,Blue,202.3,57.3,64.2,1,0.02,30.0,#6CA6CD,3.67,1
825,#82CFFD,130,207,253,Blue,202.4,75.1,96.9,19,0.35,36.9,#98D0F0,3.66,5
826,#405460,64,84,96,Blue,202.5,31.4,20.0,1,0.02,23.1,#445464,3.25,1
827,#446C84,68,108,132,Blue,202.5,39.2,32.0,1,0.02,21.9,#4A708B,2.29,1
828,#708490,112,132,144,Blue,202.5,50.2,12.6,1,0.02,23.1,#778899,3.62,3
829,#5C98BC,92,152,188,Blue,202.5,54.9,41.7,1,0.02,24.2,#6098B4,2.45,2
830,#90B8D0,144,184,208,Blue,202.5,69.0,40.5,1,0.02,36.9,#86B0CB,2.49,1
831,#D4E8F4,212,232,244,Blue,202.5,89.4,59.3,1,0.02,8.1,#DCECF4,2.06,1
832,#3C5C70,60,92,112,Blue,203.1,33.7,30.2,4,0.07,57.7,#40647C,3.11,3
833,#58788C,88,120,140,Blue,203.1,44.7,22.8,1,0.02,3.5,#507C94,2.66,2
834,#2888C4,40,136,196,Blue,203.1,46.3,66.1,230,4.25,92.4,#488CC0,2.78,2
835,#80A0B4,128,160,180,Blue,203.1,60.4,25.7,1,0.02,31.2,#88A8B8,2.95,1
836,#64B0E0,100,176,224,Blue,203.2,63.5,66.7,1,0.02,13.9,#6CA6CD,3.54,1
837,#3C82AF,60,130,175,Blue,203.5,46.1,48.9,196,3.62,60.0,#4682B4,2.43,1
838,#86B0CB,134,176,203,Blue,203.5,66.1,39.9,1,0.02,4.6,#90B8D0,2.49,1
839,#123D59,18,61,89,Blue,203.7,21.0,66.4,1,0.02,9.2,#003C64,3.28,175
840,#00243C,0,36,60,Blue,204.0,11.8,100.0,1,0.02,4.6,#14283C,2.87,83
841,#003C64,0,60,100,Blue,204.0,19.6,100.0,175,3.23,78.5,#0D3B6D,3.03,3
842,#004878,0,72,120,Blue,204.0,23.5,100.0,1,0.02,6.9,#105088,3.16,2
843,#284C64,40,76,100,Blue,204.0,27.5,42.9,1,0.02,2.3,#345064,2.32,1
844,#40647C,64,100,124,Blue,204.0,36.9,31.9,3,0.06,25.4,#446C84,2.95,1
845,#1474B4,20,116,180,Blue,204.0,39.2,80.0,224,4.14,73.9,#1870A4,2.65,63
846,#506878,80,104,120,Blue,204.0,39.2,20.0,16,0.3,75.0,#486373,2.22,1
847,#688CA4,104,140,164,Blue,204.0,52.5,24.8,1,0.02,48.5,#64889C,2.29,2
848,#9CA8B0,156,168,176,Blue,204.0,65.1,11.2,1,0.02,6.9,#9CACB8,2.18,1
849,#98C8E8,152,200,232,Blue,204.0,75.3,63.5,78,1.44,62.3,#98D0F0,2.38,5
850,#6CA6CD,108,166,205,Blue,204.1,61.4,49.2,1,0.02,2.3,#7CA8CC,2.7,1
851,#8FAEC3,143,174,195,Blue,204.2,66.3,30.2,1,0.02,9.2,#86B0CB,2.58,1
852,#1068A4,16,104,164,Blue,204.3,35.3,82.2,1,0.02,42.7,#0064AC,2.12,1
853,#0596FA,5,150,250,Blue,204.5,50.0,96.1,40,0.74,95.8,#1E90FF,2.96,1
854,#7EC0EE,126,192,238,Blue,204.6,71.4,76.7,1,0.02,15.6,#82CFFD,3.94,19
855,#7098B4,112,152,180,Blue,204.7,57.3,31.2,2,0.04,28.3,#5C98BC,3.41,1
856,#4A708B,74,112,139,Blue,204.9,41.8,30.5,1,0.02,3.5,#446C84,2.29,1
857,#345064,52,80,100,Blue,205.0,29.8,31.6,1,0.02,18.5,#284C64,2.32,1
858,#1888D8,24,136,216,Blue,205.0,47.1,80.0,2,0.04,10.4,#2888C4,2.89,230
859,#7490A4,116,144,164,Blue,205.0,54.9,20.9,1,0.02,11.5,#688CA4,2.62,1
860,#0064AC,0,100,172,Blue,205.1,33.7,100.0,1,0.02,13.9,#1860A8,2.05,7
861,#3C94D4,60,148,212,Blue,205.3,53.3,63.9,1,0.02,3.5,#488CC0,3.31,2
862,#306084,48,96,132,Blue,205.7,35.3,46.7,7,0.13,83.1,#346488,1.42,7
863,#346488,52,100,136,Blue,205.7,36.9,44.7,7,0.13,41.6,#306084,1.42,7
864,#60707C,96,112,124,Blue,205.7,43.1,12.7,1,0.02,6.9,#506878,4.3,16
865,#9CACB8,156,172,184,Blue,205.7,66.7,16.5,1,0.02,9.2,#9CA8B0,2.18,1
866,#B8C8D4,184,200,212,Blue,205.7,77.6,24.6,1,0.02,1.2,#B8C4C8,3.7,1
867,#B4D4EC,180,212,236,Blue,205.7,81.6,59.6,1,0.02,34.6,#B0E2FF,4.65,1
868,#488CC0,72,140,192,Blue,206.0,51.8,48.8,2,0.04,6.9,#2888C4,2.78,230
869,#305470,48,84,112,Blue,206.2,31.4,40.0,1,0.02,20.8,#2C4C68,2.83,1
870,#307CB8,48,124,184,Blue,206.5,45.5,58.6,1,0.02,3.5,#4682B4,2.84,1
871,#7CA8CC,124,168,204,Blue,207.0,64.3,44.0,1,0.02,17.3,#6CA6CD,2.7,1
872,#4682B4,70,130,180,Blue,207.3,49.0,44.0,1,0.02,16.2,#3C82AF,2.43,196
873,#2C4C68,44,76,104,Blue,208.0,29.0,40.5,1,0.02,87.7,#284C64,2.53,1
874,#105088,16,80,136,Blue,208.0,29.8,78.9,2,0.04,34.6,#004878,3.16,1
875,#A5AFB8,165,175,184,Blue,208.4,68.4,11.8,1,0.02,19.6,#9CA8B0,2.46,1
876,#4074A4,64,116,164,Blue,208.8,44.7,43.9,1,0.02,25.4,#1474B4,3.47,224
877,#112F4B,17,47,75,Blue,209.0,18.0,63.0,2,0.04,23.1,#14283C,3.55,83
878,#1874CD,24,116,205,Blue,209.5,44.9,79.0,1,0.02,23.1,#3C78C8,2.65,3
879,#1E90FF,30,144,255,Blue,209.6,55.9,100.0,1,0.02,2.3,#318CE7,2.41,1
880,#14283C,20,40,60,Blue,210.0,15.7,50.0,83,1.53,78.5,#00243C,2.87,1
881,#283C50,40,60,80,Blue,210.0,23.5,33.3,1,0.02,6.9,#344454,3.27,1
882,#004080,0,64,128,Blue,210.0,25.1,100.0,4,0.07,27.7,#0D3B6D,2.75,3
883,#344454,52,68,84,Blue,210.0,26.7,23.5,1,0.02,27.7,#283C50,3.27,1
884,#445464,68,84,100,Blue,210.0,32.9,19.0,1,0.02,25.4,#405460,3.25,1
885,#1860A8,24,96,168,Blue,210.0,37.6,75.0,7,0.13,36.9,#3063A5,2.04,1
886,#506880,80,104,128,Blue,210.0,40.8,23.1,3,0.06,38.1,#506987,2.27,2
887,#5C748C,92,116,140,Blue,210.0,45.5,20.7,1,0.02,13.9,#5F7490,2.4,1
888,#778899,119,136,153,Blue,210.0,53.3,14.3,3,0.06,23.1,#708490,3.62,1
889,#318CE7,49,140,231,Blue,210.0,54.9,79.1,1,0.02,40.4,#1E90FF,2.41,1
890,#94ACC4,148,172,196,Blue,210.0,67.5,28.9,1,0.02,28.9,#8FAEC3,3.07,1
891,#CCD8E4,204,216,228,Blue,210.0,84.7,30.8,1,0.02,3.5,#D4DCE0,3.73,1
892,#007FFF,0,127,255,Blue,210.1,50.0,100.0,4,0.07,42.7,#3C8CFC,4.25,2
893,#7D9EC0,125,158,192,Blue,210.4,62.2,34.7,1,0.02,8.1,#7C98BC,2.49,1
894,#0D3B6D,13,59,109,Blue,211.2,23.9,78.7,3,0.06,23.1,#213E66,2.43,1
895,#061D37,6,29,55,Blue,211.8,12.0,80.3,1,0.02,71.6,#05132F,4.25,4
896,#4C84C4,76,132,196,Blue,212.0,53.3,50.4,1,0.02,17.3,#4682B4,3.0,1
897,#2C4E75,44,78,117,Blue,212.1,31.6,45.3,1,0.02,15.0,#304C78,2.11,2
898,#3C5470,60,84,112,Blue,212.3,33.7,30.2,1,0.02,34.6,#405068,2.65,1
899,#2D3743,45,55,67,Blue,212.7,22.0,19.6,1,0.02,10.4,#283C50,4.11,1
900,#506987,80,105,135,Blue,212.7,42.2,25.6,2,0.04,13.9,#576982,2.19,3
901,#002859,0,40,89,Blue,213.0,17.5,100.0,1,0.02,25.4,#172D60,2.61,4
902,#0051B6,0,81,182,Blue,213.3,35.7,100.0,1,0.02,8.7,#1F5ABA,3.0,1
903,#405C80,64,92,128,Blue,213.8,37.6,33.3,1,0.02,2.3,#3C5470,3.59,1
904,#3063A5,48,99,165,Blue,213.8,41.8,54.9,1,0.02,11.5,#1860A8,2.04,7
905,#7C98BC,124,152,188,Blue,213.8,61.2,32.3,1,0.02,6.9,#7D9EC0,2.49,1
906,#003478,0,52,120,Blue,214.0,23.5,100.0,9,0.17,39.3,#002C70,2.72,1
907,#7EB6FF,126,182,255,Blue,214.0,74.7,100.0,1,0.02,2.3,#7EC0EE,5.88,1
908,#50729F,80,114,159,Blue,214.2,46.9,33.1,1,0.02,80.8,#4074A4,3.54,1
909,#5F7490,95,116,144,Blue,214.3,46.9,20.5,1,0.02,34.6,#5C748C,2.4,1
910,#3C78C8,60,120,200,Blue,214.3,51.0,56.0,3,0.06,43.9,#1874CD,2.65,1
911,#64A0F0,100,160,240,Blue,214.3,66.7,82.4,2,0.04,4.6,#1E90FF,5.8,1
912,#213E66,33,62,102,Blue,214.8,26.5,51.1,1,0.02,23.1,#243C6C,2.15,1
913,#576982,87,105,130,Blue,214.9,42.5,19.8,3,0.06,32.3,#506987,2.19,2
914,#3C8CFC,60,140,252,Blue,215.0,61.2,97.0,2,0.04,3.5,#1E90FF,2.72,1
915,#2474E8,36,116,232,Blue,215.5,52.5,81.0,58,1.07,75.0,#3C78C8,3.36,3
916,#335280,51,82,128,Blue,215.8,35.1,43.0,1,0.02,13.9,#304C78,2.14,2
917,#34445C,52,68,92,Blue,216.0,28.2,27.8,2,0.04,34.6,#344054,2.06,4
918,#405068,64,80,104,Blue,216.0,32.9,23.8,1,0.02,26.6,#3F4B60,2.16,4
919,#506078,80,96,120,Blue,216.0,39.2,20.0,1,0.02,48.5,#586478,2.36,1
920,#A4B4CC,164,180,204,Blue,216.0,72.2,28.2,1,0.02,9.2,#94ACC4,3.99,1
921,#002C70,0,44,112,Blue,216.4,22.0,100.0,1,0.02,23.1,#003478,2.72,9
922,#3C68AC,60,104,172,Blue,216.4,45.5,48.3,1,0.02,2.3,#3063A5,2.34,1
923,#304C78,48,76,120,Blue,216.7,32.9,42.9,2,0.04,20.8,#2C4E75,2.11,1
924,#6480AC,100,128,172,Blue,216.7,53.3,30.3,1,0.02,25.4,#667AA3,3.03,2
925,#003C9C,0,60,156,Blue,216.9,30.6,100.0,2,0.04,60.0,#113C8B,2.44,1
926,#1F5ABA,31,90,186,Blue,217.2,42.5,71.4,1,0.02,13.9,#0051B6,3.0,1
927,#1A2B47,26,43,71,Blue,217.3,19.0,46.4,2,0.04,27.7,#1C3054,2.85,2
928,#344054,52,64,84,Blue,217.5,26.7,23.5,4,0.07,40.4,#34445C,2.06,2
929,#586478,88,100,120,Blue,217.5,40.8,15.4,1,0.02,49.6,#506078,2.36,1
930,#5A6E90,90,110,144,Blue,217.8,45.9,23.1,1,0.02,9.2,#5F749C,2.89,30
931,#283854,40,56,84,Blue,218.2,24.3,35.5,1,0.02,34.6,#1C3054,3.55,2
932,#3F4B60,63,75,96,Blue,218.2,31.2,20.8,4,0.07,17.3,#405068,2.16,1
933,#1C3054,28,48,84,Blue,218.6,22.0,50.0,2,0.04,18.5,#1A2B47,2.85,2
934,#1464F4,20,100,244,Blue,218.6,51.8,91.1,1,0.02,27.7,#4169E1,2.93,2
935,#113C8B,17,60,139,Blue,218.9,30.6,78.2,1,0.02,34.6,#003C9C,2.44,2
936,#5F749C,95,116,156,Blue,219.3,49.2,24.3,30,0.55,65.8,#667AA3,2.49,2
937,#001F5C,0,31,92,Blue,219.8,18.0,100.0,1,0.02,31.2,#0F1F53,2.23,2
938,#A0C0FF,160,192,255,Blue,219.8,81.4,100.0,1,0.02,18.5,#94ACFC,5.15,4
939,#05132F,5,19,47,Blue,220.0,10.2,80.8,4,0.07,63.5,#000028,4.16,18
940,#243C6C,36,60,108,Blue,220.0,28.2,50.0,1,0.02,12.7,#213E66,2.15,1
941,#344870,52,72,112,Blue,220.0,32.2,36.6,1,0.02,19.6,#304C78,2.38,2
942,#38558F,56,85,143,Blue,220.0,39.0,43.7,1,0.02,9.2,#335280,2.46,1
943,#3366CC,51,102,204,Blue,220.0,50.0,60.0,1,0.02,16.2,#4169E1,3.69,2
944,#788CB4,120,140,180,Blue,220.0,58.8,28.6,28,0.52,61.2,#788CCC,3.91,3
945,#667AA3,102,122,163,Blue,220.3,52.0,24.9,2,0.04,40.4,#5F749C,2.49,30
946,#3474FC,52,116,252,Blue,220.8,59.6,97.1,27,0.5,76.2,#4876FF,2.02,1
947,#48587C,72,88,124,Blue,221.5,38.4,26.5,1,0.02,16.2,#505874,3.41,1
948,#546488,84,100,136,Blue,221.5,43.1,23.6,1,0.02,21.9,#506494,2.79,2
949,#172D60,23,45,96,Blue,221.9,23.3,61.3,4,0.07,48.5,#002859,2.61,1
950,#7884A0,120,132,160,Blue,222.0,54.9,17.4,1,0.02,26.6,#788CB4,4.68,28
951,#3C5CA8,60,92,168,Blue,222.2,44.7,47.4,1,0.02,3.5,#1F5ABA,3.27,1
952,#506494,80,100,148,Blue,222.4,44.7,29.8,2,0.04,34.6,#546488,2.79,1
953,#1E2025,30,32,37,Blue,222.9,13.1,10.4,3,0.06,54.3,#1C1C1C,3.67,57
954,#ADBEE9,173,190,233,Blue,223.0,79.6,57.7,1,0.02,6.9,#B4BEE6,2.49,1
955,#7995DD,121,149,221,Blue,223.2,67.1,59.5,1,0.02,27.7,#788CCC,3.68,3
956,#9EAFDB,158,175,219,Blue,223.3,73.9,45.9,1,0.02,3.5,#A0AFE7,2.17,1
957,#8C98B8,140,152,184,Blue,223.6,63.5,23.7,1,0.02,2.3,#8C90B0,3.87,1
958,#00248C,0,36,140,Blue,224.6,27.5,100.0,4,0.07,18.5,#271B86,4.01,4
959,#414C6C,65,76,108,Blue,224.7,33.9,24.9,1,0.02,21.9,#485074,2.36,2
960,#4876FF,72,118,255,Blue,224.9,64.1,100.0,1,0.02,3.5,#3474FC,2.02,27
961,#002EB8,0,46,184,Blue,225.0,36.1,100.0,2,0.04,41.6,#2828C8,3.44,1
962,#3A4F8E,58,79,142,Blue,225.0,39.2,42.0,1,0.02,6.9,#38558F,2.48,1
963,#4169E1,65,105,225,Blue,225.0,56.9,72.7,2,0.04,35.8,#1464F4,2.93,1
964,#6080E0,96,128,224,Blue,225.0,62.7,67.4,2,0.04,18.5,#4876FF,4.71,1
965,#003EFF,0,62,255,Blue,225.4,50.0,100.0,1,0.02,4.6,#6840FC,6.61,5
966,#788CCC,120,140,204,Blue,225.7,63.5,45.2,3,0.06,41.6,#7995DD,3.68,1
967,#0F1F53,15,31,83,Blue,225.9,19.2,69.4,2,0.04,8.7,#001F5C,2.23,1
968,#2A3C78,42,60,120,Blue,226.2,31.8,48.1,2,0.04,11.5,#2C4084,2.1,504
969,#94ACFC,148,172,252,Blue,226.2,78.4,94.5,4,0.07,6.9,#A0AFE7,4.57,1
970,#2C4084,44,64,132,Blue,226.4,34.5,50.0,504,9.3,83.1,#2A3C78,2.1,2
971,#505874,80,88,116,Blue,226.7,38.4,18.4,1,0.02,21.9,#4C5068,3.29,1
972,#A0AFE7,160,175,231,Blue,227.3,76.7,59.7,1,0.02,1.2,#9EAFDB,2.17,1
973,#3953B5,57,83,181,Blue,227.4,46.7,52.1,1,0.02,6.9,#3850C8,2.93,41
974,#141E46,20,30,70,Blue,228.0,17.6,55.6,44,0.81,71.6,#1C2448,2.2,1
975,#445080,68,80,128,Blue,228.0,38.4,30.6,2,0.04,65.8,#485074,3.26,2
976,#B4BEE6,180,190,230,Blue,228.0,80.4,50.0,1,0.02,20.8,#ADBEE9,2.49,1
977,#1C2448,28,36,72,Blue,229.1,19.6,44.0,1,0.02,12.7,#141E46,2.2,44
978,#203078,32,48,120,Blue,229.1,29.8,57.9,3,0.06,32.3,#002C70,3.14,1
979,#485074,72,80,116,Blue,229.1,36.9,23.4,2,0.04,58.9,#414C6C,2.36,1
980,#3048B4,48,72,180,Blue,229.1,44.7,57.9,1,0.02,18.5,#3953B5,3.48,1
981,#3850C8,56,80,200,Blue,230.0,50.2,56.7,41,0.76,69.3,#3953B5,2.93,1
982,#788CF0,120,140,240,Blue,230.0,70.6,80.0,1,0.02,6.9,#7995DD,3.81,1
983,#2D376C,45,55,108,Blue,230.5,30.0,41.2,1,0.02,5.8,#373875,2.62,4
984,#283890,40,56,144,Blue,230.8,36.1,56.5,1,0.02,15.0,#343498,2.98,4
985,#4C5068,76,80,104,Blue,231.4,35.3,15.6,1,0.02,9.2,#484C68,2.04,1
986,#484C68,72,76,104,Blue,232.5,34.5,18.2,1,0.02,63.5,#4C5068,2.04,1
987,#071579,7,21,121,Blue,232.6,25.1,89.1,2,0.04,42.7,#191970,2.14,3
988,#8C90B0,140,144,176,Blue,233.3,62.0,18.6,1,0.02,1.2,#8C98B8,3.87,1
989,#38409C,56,64,156,Blue,235.2,41.6,47.2,6,0.11,50.8,#283890,3.19,1
990,#0B148E,11,20,142,Blue,235.9,30.0,85.6,1,0.02,16.2,#271B86,2.58,4
991,#A8ACE8,168,172,232,Blue,236.2,78.4,58.2,72,1.33,50.8,#A0AFE7,2.88,1
992,#3F4059,63,64,89,Blue,237.7,29.8,17.1,4,0.07,28.9,#3C3C60,4.08,4
993,#373875,55,56,117,Blue,239.0,33.7,36.0,4,0.07,60.0,#303070,2.47,12
994,#000034,0,0,52,Blue,240.0,10.2,100.0,22,0.41,46.2,#0A0336,2.2,1
995,#000040,0,0,64,Blue,240.0,12.5,100.0,6,0.11,58.9,#080848,1.96,44
996,#101034,16,16,52,Blue,240.0,13.3,52.9,2,0.04,27.7,#181034,2.33,3
997,#000048,0,0,72,Blue,240.0,14.1,100.0,32,0.59,60.0,#000050,1.76,12
998,#080848,8,8,72,Blue,240.0,15.7,80.0,44,0.81,98.1,#000048,1.81,32
999,#000050,0,0,80,Blue,240.0,15.7,100.0,12,0.22,55.4,#000048,1.76,32
1000,#000064,0,0,100,Blue,240.0,19.6,100.0,50,0.92,60.0,#180064,1.77,4
1001,#202044,32,32,68,Blue,240.0,19.6,36.0,1,0.02,18.5,#1C2448,2.6,1
1002,#1C1C50,28,28,80,Blue,240.0,21.2,48.1,67,1.24,80.8,#0F1F53,2.98,2
1003,#2C2C44,44,44,68,Blue,240.0,22.0,21.4,1,0.02,48.5,#2F2F4F,3.16,2
1004,#282850,40,40,80,Blue,240.0,23.5,33.3,2,0.04,20.8,#202044,2.81,1
1005,#2F2F4F,47,47,79,Blue,240.0,24.7,25.4,2,0.04,20.2,#2C2C44,3.16,1
1006,#202060,32,32,96,Blue,240.0,25.1,50.0,288,5.32,110.8,#242470,2.87,1
1007,#000080,0,0,128,Blue,240.0,25.1,100.0,40,0.74,73.9,#00008C,1.7,124
1008,#191970,25,25,112,Blue,240.0,26.9,63.5,3,0.06,32.3,#071579,2.14,2
1009,#00008C,0,0,140,Blue,240.0,27.5,100.0,124,2.29,143.2,#000080,1.7,40
1010,#242470,36,36,112,Blue,240.0,29.0,51.4,1,0.02,13.9,#202060,2.87,288
1011,#3C3C60,60,60,96,Blue,240.0,30.6,23.1,4,0.07,31.2,#47426A,3.03,1
1012,#00009C,0,0,156,Blue,240.0,30.6,100.0,2,0.04,46.2,#00008C,2.2,124
1013,#303070,48,48,112,Blue,240.0,31.4,40.0,12,0.22,57.7,#373875,2.47,4
1014,#2C2C80,44,44,128,Blue,240.0,33.7,48.8,997,18.41,113.1,#242470,3.12,1
1015,#343498,52,52,152,Blue,240.0,40.0,49.0,4,0.07,57.7,#283890,2.98,1
1016,#50507C,80,80,124,Blue,240.0,40.0,21.6,1,0.02,18.5,#485074,3.3,2
1017,#0000CD,0,0,205,Blue,240.0,40.2,100.0,45,0.83,42.7,#0000E0,2.43,9
1018,#41418C,65,65,140,Blue,240.0,40.2,36.6,1,0.02,4.6,#473C8B,2.44,1
1019,#5A5A82,90,90,130,Blue,240.0,43.1,18.2,3,0.06,72.7,#50507C,3.62,1
1020,#0000E0,0,0,224,Blue,240.0,43.9,100.0,9,0.17,13.9,#0000CD,2.43,45
1021,#5A5A96,90,90,150,Blue,240.0,47.1,25.0,1,0.02,50.8,#5A5A82,4.89,3
1022,#2828C8,40,40,200,Blue,240.0,47.1,66.7,1,0.02,36.9,#002EB8,3.44,2
1023,#3C3CB4,60,60,180,Blue,240.0,47.1,50.0,1,0.02,46.2,#38409C,4.08,6
1024,#0000FF,0,0,255,Blue,240.0,50.0,100.0,14,0.26,28.9,#3F0FFE,2.6,1
1025,#7878A8,120,120,168,Blue,240.0,56.5,21.6,2,0.04,5.8,#9080B8,6.21,1
1026,#6060C8,96,96,200,Blue,240.0,58.0,48.6,1,0.02,38.1,#4169E1,6.73,2
1027,#B5B5D5,181,181,213,Blue,240.0,77.3,27.6,1,0.02,4.6,#B4BEE6,4.74,1
1028,#504992,80,73,146,Blue,245.8,42.9,33.3,1,0.02,13.9,#41418C,3.37,1
1029,#271B86,39,27,134,Blue,246.7,31.6,66.5,4,0.07,10.4,#0B148E,2.58,1
1030,#47426A,71,66,106,Blue,247.5,33.7,23.3,1,0.02,5.8,#4A4464,2.7,1
1031,#0A0336,10,3,54,Blue,248.2,11.2,89.5,1,0.02,23.1,#000034,2.2,22
1032,#473C8B,71,60,139,Blue,248.4,39.0,39.7,1,0.02,9.2,#41418C,2.44,1
1033,#4A4464,74,68,100,Blue,251.2,32.9,19.0,1,0.02,18.5,#47426A,2.7,1
1034,#0C003C,12,0,60,Blue,252.0,11.8,100.0,1,0.02,43.9,#000040,2.04,6
1035,#3F0FFE,63,15,254,Blue,252.1,52.7,99.2,1,0.02,24.2,#0000FF,2.6,14
1036,#6840FC,104,64,252,Blue,252.8,62.0,96.9,5,0.09,41.6,#8A2BE2,6.52,1
1037,#4830A0,72,48,160,Blue,252.9,40.8,53.8,1,0.02,36.9,#5838A4,3.2,1
1038,#181034,24,16,52,Blue,253.3,13.3,52.9,3,0.06,26.6,#101034,2.33,2
1039,#180064,24,0,100,Blue,254.4,19.6,100.0,4,0.07,92.4,#000064,1.77,50
1040,#1C0070,28,0,112,Blue,255.0,22.0,100.0,324,5.98,129.3,#180064,1.91,4
1041,#2C00AC,44,0,172,Blue,255.3,33.7,100.0,4,0.07,46.2,#3C0096,3.29,3
1042,#433A5A,67,58,90,Blue,256.9,29.0,21.6,9,0.17,20.8,#4A4464,3.32,1
1043,#382074,56,32,116,Blue,257.1,29.0,56.8,1,0.02,34.6,#242470,4.13,1
1044,#9080B8,144,128,184,Blue,257.1,61.2,28.3,1,0.02,5.8,#7878A8,6.21,2
1045,#5838A4,88,56,164,Blue,257.8,43.1,49.1,1,0.02,16.2,#4830A0,3.2,1
1046,#3D2E60,61,46,96,Purple,258.0,27.8,35.2,6,0.11,36.9,#4B3971,4.17,1
1047,#5C4494,92,68,148,Purple,258.0,42.4,37.0,1,0.02,1.2,#504992,3.61,1
1048,#4B3971,75,57,113,Purple,259.3,33.3,32.9,1,0.02,3.5,#53326B,3.88,1
1049,#8968CD,137,104,205,Purple,259.6,60.6,50.2,1,0.02,4.6,#9058D8,4.86,14
1050,#3C0096,60,0,150,Purple,264.0,29.4,100.0,3,0.06,36.9,#2C00AC,3.29,4
1051,#2B0064,43,0,100,Purple,265.8,19.6,100.0,1,0.02,24.2,#180064,2.6,4
1052,#6000DC,96,0,220,Purple,266.2,43.1,100.0,4,0.07,55.4,#3F0FFE,4.53,1
1053,#9058D8,144,88,216,Purple,266.2,59.6,62.1,14,0.26,30.0,#9050D8,1.97,2
1054,#A474E0,164,116,224,Purple,266.7,66.7,63.5,1,0.02,23.1,#8968CD,6.54,1
1055,#D8C4F0,216,196,240,Purple,267.3,85.5,59.5,1,0.02,4.6,#D8CCE0,7.73,1
1056,#380474,56,4,116,Purple,267.9,23.5,93.3,1,0.02,46.2,#2B0064,3.06,1
1057,#9050D8,144,80,216,Purple,268.2,58.0,63.6,2,0.04,62.3,#9058D8,1.97,14
1058,#4C2874,76,40,116,Purple,268.4,30.6,48.7,1,0.02,32.3,#542470,2.54,1
1059,#CC99FF,204,153,255,Purple,270.0,80.0,100.0,1,0.02,6.9,#C49CD8,7.84,20
1060,#8A2BE2,138,43,226,Purple,271.1,52.7,75.9,1,0.02,4.6,#A000F0,3.55,1
1061,#551A8B,85,26,139,Purple,271.3,32.4,68.5,4,0.07,27.7,#5A008C,2.65,85
1062,#683C8C,104,60,140,Purple,273.0,39.2,40.0,3,0.06,9.2,#5C4494,4.42,1
1063,#A08CB0,160,140,176,Purple,273.3,62.0,18.6,1,0.02,5.8,#B894BC,5.7,1
1064,#4B0082,75,0,130,Purple,274.6,25.5,100.0,1,0.02,2.3,#5A008C,2.76,85
1065,#53326B,83,50,107,Purple,274.7,30.8,36.3,1,0.02,13.9,#4B3971,3.88,1
1066,#1C0030,28,0,48,Purple,275.0,9.4,100.0,2,0.04,20.8,#280032,3.68,14
1067,#523E60,82,62,96,Purple,275.3,31.0,21.5,1,0.02,23.1,#543858,3.1,1
1068,#D8CCE0,216,204,224,Purple,276.0,83.9,24.4,1,0.02,28.9,#D8C4F0,7.73,1
1069,#542470,84,36,112,Purple,277.9,29.0,51.4,1,0.02,3.5,#4C2874,2.54,1
1070,#C464FA,196,100,250,Purple,278.4,68.6,93.7,1,0.02,10.4,#BB62CE,6.73,1
1071,#5A008C,90,0,140,Purple,278.6,27.5,100.0,85,1.57,110.8,#64008C,1.9,11
1072,#8B5DA3,139,93,163,Purple,279.4,50.2,27.6,1,0.02,5.8,#88609C,2.1,1
1073,#28003C,40,0,60,Purple,280.0,11.8,100.0,5,0.09,50.8,#280032,2.84,14
1074,#A000F0,160,0,240,Purple,280.0,47.1,100.0,1,0.02,18.5,#AA00FF,2.77,6
1075,#88609C,136,96,156,Purple,280.0,49.4,23.8,1,0.02,11.5,#8B5DA3,2.1,1
1076,#AA00FF,170,0,255,Purple,280.0,50.0,100.0,6,0.11,70.4,#A000F0,2.77,1
1077,#944CB8,148,76,184,Purple,280.0,51.0,43.2,1,0.02,3.5,#9932CC,5.42,1
1078,#C49CD8,196,156,216,Purple,280.0,72.9,43.5,20,0.37,23.1,#B894BC,5.88,1
1079,#9932CC,153,50,204,Purple,280.1,49.8,60.6,1,0.02,31.2,#8A2BE2,4.4,1
1080,#820BBB,130,11,187,Purple,280.6,38.8,88.9,1,0.02,26.6,#9800A0,6.58,1
1081,#4C1864,76,24,100,Purple,281.1,24.3,61.3,9,0.17,80.8,#542470,3.12,1
1082,#9874A8,152,116,168,Purple,281.5,55.7,23.0,2,0.04,30.0,#9C68A4,4.22,33
1083,#A060BC,160,96,188,Purple,281.7,55.7,40.7,1,0.02,4.6,#BB62CE,5.59,1
1084,#805A90,128,90,144,Purple,282.2,45.9,23.1,1,0.02,9.2,#88609C,3.02,1
1085,#64008C,100,0,140,Purple,282.9,27.5,100.0,11,0.2,13.9,#5A008C,1.9,85
1086,#684074,104,64,116,Purple,286.2,35.3,28.9,1,0.02,13.9,#683C66,3.73,1
1087,#280032,40,0,50,Purple,288.0,9.8,100.0,14,0.26,31.2,#28003C,2.84,5
1088,#BB62CE,187,98,206,Purple,289.4,59.6,52.4,1,0.02,3.5,#A060BC,5.59,1
1089,#443048,68,48,72,Purple,290.0,23.5,20.0,1,0.02,12.7,#543858,4.74,1
1090,#746078,116,96,120,Purple,290.0,42.4,11.1,1,0.02,36.9,#807080,6.6,1
1091,#9C68A4,156,104,164,Purple,292.0,52.5,24.8,33,0.61,57.1,#9F5F9F,2.91,1
1092,#543858,84,56,88,Purple,292.5,28.2,22.2,1,0.02,13.9,#523E60,3.1,1
1093,#783080,120,48,128,Purple,294.0,34.5,45.5,1,0.02,5.8,#843480,3.04,1
1094,#B894BC,184,148,188,Purple,294.0,65.9,23.0,1,0.02,23.1,#A08CB0,5.7,1
1095,#9800A0,152,0,160,Purple,297.0,31.4,100.0,1,0.02,3.5,#8C008C,3.56,7
1096,#6C0070,108,0,112,Purple,297.9,22.0,100.0,43,0.79,69.3,#640064,2.29,9
