yarn_hex,family,tartans_using,pct_of_catalog,widest_block_threads,widest_block_mm
#101010,Black,2977,54.96,240,138.5
#C80000,Red,1850,34.15,320,184.7
#006818,Green,1548,28.58,224,129.3
#E0E0E0,Grey,1391,25.68,216,124.7
#E8C000,Yellow,1323,24.42,120,69.3
#FCFCFC,White,1062,19.6,400,230.9
#2C2C80,Blue,997,18.41,196,113.1
#DC0000,Red,682,12.59,228,131.6
#005020,Green,661,12.2,166,95.8
#880000,Red,652,12.04,208,120.1
#2C4084,Blue,504,9.3,144,83.1
#000000,Black,367,6.77,188,108.5
#5C8CA8,Blue,333,6.15,132,76.2
#1C0070,Blue,324,5.98,224,129.3
#202060,Blue,288,5.32,192,110.8
#003820,Green,287,5.3,134,77.4
#888888,Grey,277,5.11,132,76.2
#780078,Pink,272,5.02,120,69.3
#D09800,Brown,262,4.84,90,52.0
#C0C0C0,Grey,261,4.82,130,75.0
#2888C4,Blue,230,4.25,160,92.4
#1474B4,Blue,224,4.14,128,73.9
#289C18,Green,211,3.9,110,63.5
#604000,Brown,206,3.8,126,72.7
#3C82AF,Blue,196,3.62,104,60.0
#BC8C00,Brown,186,3.43,200,115.5
#285800,Green,183,3.38,200,115.5
#003C64,Blue,175,3.23,136,78.5
#5C5C5C,Grey,159,2.94,152,87.7
#408060,Green,142,2.62,112,64.7
#C8C8C8,Grey,134,2.47,96,55.4
#A08858,Orange,130,2.4,156,90.1
#440044,Pink,127,2.34,172,99.3
#00008C,Blue,124,2.29,248,143.2
#004C00,Green,109,2.01,176,101.6
#441800,Brown,94,1.74,160,92.4
#5C6428,Yellow,89,1.64,120,69.3
#5A008C,Purple,85,1.57,192,110.8
#503C14,Brown,85,1.57,140,80.8
#D87C00,Orange,85,1.57,100,57.7
#14283C,Blue,83,1.53,136,78.5
#789484,Green,83,1.53,136,78.5
#FF0000,Red,81,1.5,140,80.8
#D8B000,Yellow,81,1.5,48,27.7
#98C8E8,Blue,78,1.44,108,62.3
#007800,Green,76,1.4,140,80.8
#C89800,Yellow,75,1.38,84,48.5
#E87878,Red,75,1.38,68,39.3
#C8002C,Red,73,1.35,120,69.3
#A8ACE8,Blue,72,1.33,88,50.8
#B8B8B8,Grey,70,1.29,76,43.9
#1C1C50,Blue,67,1.24,140,80.8
#A00000,Red,66,1.22,124,71.6
#901C38,Red,65,1.2,112,64.7
#808080,Grey,64,1.18,120,69.3
#1870A4,Blue,63,1.16,172,99.3
#8C7038,Brown,63,1.16,200,115.5
#C88C00,Brown,59,1.09,60,34.6
#2474E8,Blue,58,1.07,130,75.0
#1C1C1C,Black,57,1.05,144,83.1
#C82828,Red,57,1.05,172,99.3
#4C3428,Brown,52,0.96,88,50.8
#000064,Blue,50,0.92,104,60.0
#A0A0A0,Grey,50,0.92,72,41.6
#00643C,Green,49,0.9,88,50.8
#FFE600,Yellow,48,0.89,84,48.5
#A00048,Pink,47,0.87,128,73.9
#003C14,Green,47,0.87,124,71.6
#002814,Black,46,0.85,136,78.5
#0000CD,Blue,45,0.83,74,42.7
#080848,Blue,44,0.81,170,98.1
#141E46,Blue,44,0.81,124,71.6
#6C0070,Purple,43,0.79,120,69.3
#B0B0B0,Grey,42,0.78,80,46.2
#F0E0C8,Orange,42,0.78,114,65.8
#3850C8,Blue,41,0.76,120,69.3
#960028,Pink,41,0.76,96,55.4
#A07C58,Orange,41,0.76,80,46.2
#646464,Grey,40,0.74,104,60.0
#000080,Blue,40,0.74,128,73.9
#0596FA,Blue,40,0.74,166,95.8
#BE7832,Orange,39,0.72,70,40.4
#E0A126,Orange,37,0.68,72,41.6
#603800,Brown,36,0.66,92,53.1
#008B00,Green,34,0.63,82,47.3
#E8CCB8,Orange,33,0.61,68,39.3
#9C68A4,Purple,33,0.61,99,57.1
#000048,Blue,32,0.59,104,60.0
#B468AC,Pink,30,0.55,60,34.6
#F8F4D0,Yellow,30,0.55,136,78.5
#FCCC00,Yellow,30,0.55,42,24.2
#5F749C,Blue,30,0.55,114,65.8
#48A4C0,Teal,30,0.55,100,57.7
#800028,Pink,28,0.52,184,106.2
#680028,Pink,28,0.52,84,48.5
#788CB4,Blue,28,0.52,106,61.2
#004028,Green,27,0.5,62,35.8
#3474FC,Blue,27,0.5,132,76.2
#1C1714,Brown,27,0.5,160,92.4
#960000,Red,27,0.5,64,36.9
#2A2303,Black,27,0.5,130,75.0
#00002C,Black,26,0.48,96,55.4
#505050,Grey,26,0.48,76,43.9
#B84C00,Brown,26,0.48,78,45.0
#C4BC68,Yellow,25,0.46,36,20.8
#A0783C,Orange,25,0.46,96,55.4
#FFFF00,Yellow,25,0.46,48,27.7
#005448,Teal,24,0.44,120,69.3
#120A01,Black,23,0.42,124,71.6
#000034,Blue,22,0.41,80,46.2
#B03000,Brown,21,0.39,144,83.1
#146400,Green,21,0.39,56,32.3
#649848,Green,21,0.39,82,47.3
#FA4B00,Orange,21,0.39,42,24.2
#003014,Green,21,0.39,96,55.4
#DC943C,Orange,20,0.37,60,34.6
#006400,Green,20,0.37,100,57.7
#4C0000,Red,20,0.37,72,41.6
#C49CD8,Purple,20,0.37,40,23.1
#781C38,Pink,20,0.37,48,27.7
#F9F5EF,White,19,0.35,54,31.2
#82CFFD,Blue,19,0.35,64,36.9
#F8E38C,Yellow,19,0.35,98,56.6
#98481C,Brown,19,0.35,200,115.5
#F7F1E8,Orange,19,0.35,88,50.8
#8C8C8C,Grey,19,0.35,120,69.3
#DCBC00,Yellow,19,0.35,30,17.3
#CC4438,Red,18,0.33,60,34.6
#000028,Black,18,0.33,84,48.5
#3C2010,Brown,18,0.33,88,50.8
#E86000,Orange,17,0.31,80,46.2
#506878,Blue,16,0.3,130,75.0
#B07430,Orange,16,0.3,88,50.8
#006428,Green,16,0.3,168,97.0
#23321B,Green,16,0.3,124,71.6
#C80028,Red,15,0.28,50,28.9
#00FCFC,Teal,15,0.28,18,10.4
#3C3C3C,Grey,15,0.28,120,69.3
#0000FF,Blue,14,0.26,50,28.9
#D05054,Red,14,0.26,94,54.3
#9058D8,Purple,14,0.26,52,30.0
#9C9C00,Yellow,14,0.26,12,6.9
#280032,Purple,14,0.26,54,31.2
#C04C08,Brown,14,0.26,112,64.7
#C82800,Red,13,0.24,96,55.4
#B00000,Red,13,0.24,92,53.1
#606060,Grey,13,0.24,140,80.8
#FADC00,Yellow,13,0.24,60,34.6
#009468,Green,12,0.22,80,46.2
#048888,Teal,12,0.22,56,32.3
#FFD700,Yellow,12,0.22,12,6.9
#000050,Blue,12,0.22,96,55.4
#303070,Blue,12,0.22,100,57.7
#70000C,Red,12,0.22,200,115.5
#980044,Pink,11,0.2,60,34.6
#64008C,Purple,11,0.2,24,13.9
#C80050,Pink,11,0.2,128,73.9
#B62531,Red,11,0.2,62,35.8
#003800,Green,10,0.18,48,27.7
#007460,Teal,10,0.18,108,62.3
#004800,Green,10,0.18,44,25.4
#E08070,Red,10,0.18,58,33.5
#EC8048,Orange,10,0.18,70,40.4
#406054,Green,10,0.18,60,34.6
#C4C4C4,Grey,9,0.17,84,48.5
#640064,Pink,9,0.17,56,32.3
#780028,Pink,9,0.17,76,43.9
#001C00,Black,9,0.17,168,97.0
#003478,Blue,9,0.17,68,39.3
#9C8000,Yellow,9,0.17,44,25.4
#4C1864,Purple,9,0.17,140,80.8
#E3170D,Red,9,0.17,48,27.7
#0C585C,Teal,9,0.17,72,41.6
#E5E0D2,Orange,9,0.17,52,30.0
#800000,Red,9,0.17,64,36.9
#005834,Green,9,0.17,100,57.7
#0000E0,Blue,9,0.17,24,13.9
#433A5A,Blue,9,0.17,36,20.8
#640000,Red,8,0.15,40,23.1
#008000,Green,8,0.15,60,34.6
#DDD5AF,Yellow,8,0.15,14,8.1
#64340C,Brown,8,0.15,48,27.7
#D40000,Red,8,0.15,62,35.8
#447438,Green,8,0.15,128,73.9
#D0D0D0,Grey,8,0.15,18,10.4
#381C0C,Brown,8,0.15,40,23.1
#840068,Pink,8,0.15,40,23.1
#DD1212,Red,8,0.15,36,20.8
#3F4441,Grey,8,0.15,124,71.6
#005030,Green,8,0.15,64,36.9
#500050,Pink,7,0.13,104,60.0
#A02828,Red,7,0.13,80,46.2
#306084,Blue,7,0.13,144,83.1
#ACACAC,Grey,7,0.13,128,73.9
#005010,Green,7,0.13,66,38.1
#1860A8,Blue,7,0.13,64,36.9
#346488,Blue,7,0.13,72,41.6
#86C67C,Green,7,0.13,42,24.2
#9C0030,Pink,7,0.13,64,36.9
#8C6428,Brown,7,0.13,52,30.0
#F0F0D8,Yellow,7,0.13,90,52.0
#480800,Red,7,0.13,36,20.8
#8C008C,Pink,7,0.13,192,110.8
#C04094,Pink,7,0.13,84,48.5
#282828,Grey,6,0.11,88,50.8
#B80000,Red,6,0.11,132,76.2
#3D2E60,Purple,6,0.11,64,36.9
#C87814,Orange,6,0.11,128,73.9
#981C70,Pink,6,0.11,36,20.8
#CD0000,Red,6,0.11,60,34.6
#38409C,Blue,6,0.11,88,50.8
#484800,Yellow,6,0.11,64,36.9
#482800,Brown,6,0.11,48,27.7
#AA00FF,Purple,6,0.11,122,70.4
#EF8F06,Orange,6,0.11,56,32.3
#007C00,Green,6,0.11,52,30.0
#004000,Green,6,0.11,120,69.3
#124B24,Green,6,0.11,40,23.1
#005028,Green,6,0.11,88,50.8
#000040,Blue,6,0.11,102,58.9
#0C5454,Teal,6,0.11,144,83.1
#F8E8D8,Orange,6,0.11,136,78.5
#A32D18,Red,6,0.11,62,35.8
#6840FC,Blue,5,0.09,72,41.6
#EC9D9D,Pink,5,0.09,48,27.7
#8C1717,Red,5,0.09,64,36.9
#905966,Red,5,0.09,124,71.6
#343434,Grey,5,0.09,80,46.2
#FCFCEC,White,5,0.09,92,53.1
#EE0000,Red,5,0.09,64,36.9
#288028,Green,5,0.09,100,57.7
#F03000,Red,5,0.09,16,9.2
#7C7C7C,Grey,5,0.09,80,46.2
#28003C,Purple,5,0.09,88,50.8
#A03400,Brown,5,0.09,36,20.8
#3D3134,Red,5,0.09,54,31.2
#F0F0B0,Yellow,5,0.09,28,16.2
#98D0F0,Blue,5,0.09,60,34.6
#CCBAAF,Orange,5,0.09,58,33.5
#07648C,Blue,5,0.09,54,31.2
#886000,Brown,5,0.09,88,50.8
#004080,Blue,4,0.07,48,27.7
#271B86,Blue,4,0.07,18,10.4
#3F4B60,Blue,4,0.07,30,17.3
#285828,Green,4,0.07,42,24.2
#005814,Green,4,0.07,128,73.9
#343498,Blue,4,0.07,100,57.7
#707070,Grey,4,0.07,44,25.4
#14465C,Blue,4,0.07,60,34.6
#CCA800,Yellow,4,0.07,30,17.3
#344054,Blue,4,0.07,70,40.4
#D3CC20,Yellow,4,0.07,8,4.6
#3F4059,Blue,4,0.07,50,28.9
#2C00AC,Blue,4,0.07,80,46.2
#172D60,Blue,4,0.07,84,48.5
#551A8B,Purple,4,0.07,48,27.7
#3C5C70,Blue,4,0.07,100,57.7
#502814,Brown,4,0.07,40,23.1
#AFB8BB,Grey,4,0.07,52,30.0
#D8D898,Yellow,4,0.07,24,13.9
#5D321F,Brown,4,0.07,44,25.4
#00248C,Blue,4,0.07,32,18.5
#05132F,Blue,4,0.07,110,63.5
#B43C50,Red,4,0.07,22,12.7
#6C0000,Red,4,0.07,50,28.9
#373875,Blue,4,0.07,104,60.0
#4C0C28,Pink,4,0.07,40,23.1
#004710,Green,4,0.07,92,53.1
#FC9494,Pink,4,0.07,28,16.2
#3CC83C,Green,4,0.07,28,16.2
#FFA000,Orange,4,0.07,8,4.6
#180064,Blue,4,0.07,160,92.4
#6000DC,Purple,4,0.07,96,55.4
#FA6496,Pink,4,0.07,8,4.6
#94ACFC,Blue,4,0.07,12,6.9
#184800,Green,4,0.07,40,23.1
#007FFF,Blue,4,0.07,74,42.7
#3C3C60,Blue,4,0.07,54,31.2
#A00024,Red,4,0.07,22,12.7
#0098A0,Teal,4,0.07,12,6.9
#1E492B,Green,4,0.07,120,69.3
#949494,Grey,4,0.07,66,38.1
#72393F,Red,4,0.07,20,11.5
#784C18,Brown,4,0.07,30,17.3
#F09400,Orange,4,0.07,4,2.3
#5D0F04,Red,4,0.07,8,4.6
#334E3D,Green,4,0.07,26,15.0
#D4D07C,Yellow,3,0.06,14,8.1
#BD2125,Red,3,0.06,6,3.5
#505028,Yellow,3,0.06,32,18.5
#D19D2C,Orange,3,0.06,38,21.9
#C49C00,Yellow,3,0.06,4,2.3
#DB2929,Red,3,0.06,24,13.9
#683C8C,Purple,3,0.06,16,9.2
#FCF8EC,White,3,0.06,34,19.6
#767E52,Green,3,0.06,88,50.8
#1E2025,Blue,3,0.06,94,54.3
#3C0096,Purple,3,0.06,64,36.9
#50783C,Green,3,0.06,80,46.2
#501400,Brown,3,0.06,32,18.5
#4C2424,Red,3,0.06,80,46.2
#787878,Grey,3,0.06,60,34.6
#008080,Teal,3,0.06,100,57.7
#503C28,Brown,3,0.06,24,13.9
#780014,Red,3,0.06,54,31.2
#2F4F4F,Teal,3,0.06,30,17.3
#40748C,Blue,3,0.06,44,25.4
#648894,Blue,3,0.06,54,31.2
#00C814,Green,3,0.06,10,5.8
#A80020,Red,3,0.06,8,4.6
#A88000,Yellow,3,0.06,12,6.9
#351E14,Brown,3,0.06,8,4.6
#788CCC,Blue,3,0.06,72,41.6
#FC3000,Red,3,0.06,52,30.0
#B13E0F,Brown,3,0.06,30,17.3
#5B360B,Brown,3,0.06,96,55.4
#B89800,Yellow,3,0.06,10,5.8
#3C78C8,Blue,3,0.06,76,43.9
#00C8C8,Teal,3,0.06,6,3.5
#40647C,Blue,3,0.06,44,25.4
#FCEC94,Yellow,3,0.06,12,6.9
#FCB000,Orange,3,0.06,12,6.9
#785000,Brown,3,0.06,30,17.3
#EC7440,Orange,3,0.06,80,46.2
#82F5FA,Teal,3,0.06,8,4.6
#647C00,Green,3,0.06,48,27.7
#30644C,Green,3,0.06,44,25.4
#008B45,Green,3,0.06,50,28.9
#487048,Green,3,0.06,72,41.6
#F88410,Orange,3,0.06,75,43.3
#F0E8D0,Yellow,3,0.06,18,10.4
#F8B400,Orange,3,0.06,56,32.3
#B6BE8F,Green,3,0.06,22,12.7
#228B22,Green,3,0.06,75,43.3
#542850,Pink,3,0.06,48,27.7
#A08C28,Yellow,3,0.06,4,2.3
#89051B,Red,3,0.06,16,9.2
#4A4A4A,Grey,3,0.06,68,39.3
#203B27,Green,3,0.06,28,16.2
#191970,Blue,3,0.06,56,32.3
#FCA098,Pink,3,0.06,12,6.9
#800080,Pink,3,0.06,62,35.8
#B47820,Brown,3,0.06,36,20.8
#696969,Grey,3,0.06,32,18.5
#EEEE00,Yellow,3,0.06,48,27.7
#97342F,Red,3,0.06,28,16.2
#00881C,Green,3,0.06,16,9.2
#F0C800,Yellow,3,0.06,8,4.6
#EEEEEE,White,3,0.06,8,4.6
#C09898,Red,3,0.06,88,50.8
#307840,Green,3,0.06,40,23.1
#003C28,Green,3,0.06,80,46.2
#0D3B6D,Blue,3,0.06,40,23.1
#778899,Blue,3,0.06,40,23.1
#154D1E,Green,3,0.06,74,42.7
#006C3C,Green,3,0.06,50,28.9
#203078,Blue,3,0.06,56,32.3
#BE8F2C,Orange,3,0.06,114,65.8
#005C30,Green,3,0.06,88,50.8
#447C34,Green,3,0.06,32,18.5
#506880,Blue,3,0.06,66,38.1
#105880,Blue,3,0.06,56,32.3
#703200,Brown,3,0.06,198,114.3
#181034,Blue,3,0.06,46,26.6
#5A5A82,Blue,3,0.06,126,72.7
#443428,Brown,3,0.06,24,13.9
#74846C,Green,3,0.06,60,34.6
#006699,Blue,3,0.06,58,33.5
#576982,Blue,3,0.06,56,32.3
#10101A,Black,3,0.06,4,2.3
#B22222,Red,3,0.06,38,21.9
#5A1C38,Pink,3,0.06,160,92.4
#355F3B,Green,2,0.04,76,43.9
#871F78,Pink,2,0.04,10,5.8
#1A2B47,Blue,2,0.04,48,27.7
#EC0416,Red,2,0.04,56,32.3
#071579,Blue,2,0.04,74,42.7
#145064,Blue,2,0.04,110,63.5
#006633,Green,2,0.04,48,27.7
#BCA878,Orange,2,0.04,68,39.3
#00009C,Blue,2,0.04,80,46.2
#304048,Blue,2,0.04,60,34.6
#B458AC,Pink,2,0.04,16,9.2
#236B8E,Blue,2,0.04,40,23.1
#CDAD00,Yellow,2,0.04,12,6.9
#485074,Blue,2,0.04,102,58.9
#44A054,Green,2,0.04,72,41.6
#237F97,Teal,2,0.04,12,6.9
#E02CB8,Pink,2,0.04,8,4.6
#FF3333,Red,2,0.04,23,13.3
#FFFAFA,White,2,0.04,3,1.7
#7098B4,Blue,2,0.04,49,28.3
#00611C,Green,2,0.04,78,45.0
#7C0034,Pink,2,0.04,62,35.8
#FAFA96,Yellow,2,0.04,8,4.6
#31694A,Green,2,0.04,18,10.4
#1888D8,Blue,2,0.04,18,10.4
#608C36,Green,2,0.04,6,3.5
#A9A0A0,Grey,2,0.04,14,8.1
#009900,Green,2,0.04,24,13.9
#30AC38,Green,2,0.04,80,46.2
#E13205,Orange,2,0.04,42,24.2
#D0B87C,Orange,2,0.04,60,34.6
#002EB8,Blue,2,0.04,72,41.6
#F09430,Orange,2,0.04,64,36.9
#D4D44E,Yellow,2,0.04,12,6.9
#402A21,Brown,2,0.04,42,24.2
#3E6F48,Green,2,0.04,24,13.9
#DF3037,Red,2,0.04,8,4.6
#06392B,Green,2,0.04,16,9.2
#0099CC,Blue,2,0.04,142,82.0
#4B2E24,Brown,2,0.04,18,10.4
#EC34C4,Pink,2,0.04,8,4.6
#008440,Green,2,0.04,80,46.2
#A58065,Orange,2,0.04,88,50.8
#003C9C,Blue,2,0.04,104,60.0
#CB2610,Red,2,0.04,28,16.2
#903490,Pink,2,0.04,52,30.0
#D03034,Red,2,0.04,4,2.3
#445080,Blue,2,0.04,114,65.8
#9874A8,Purple,2,0.04,52,30.0
#508844,Green,2,0.04,24,13.9
#D0908C,Red,2,0.04,84,48.5
#9050D8,Purple,2,0.04,108,62.3
#A42430,Red,2,0.04,18,10.4
#886C3C,Brown,2,0.04,92,53.1
#00688B,Blue,2,0.04,44,25.4
#507C94,Blue,2,0.04,12,6.9
#9C7438,Brown,2,0.04,42,24.2
#101034,Blue,2,0.04,48,27.7
#6098B4,Blue,2,0.04,56,32.3
#ECCCAC,Orange,2,0.04,28,16.2
#F0D8BC,Orange,2,0.04,24,13.9
#506494,Blue,2,0.04,60,34.6
#304C78,Blue,2,0.04,36,20.8
#708048,Green,2,0.04,20,11.5
#006E21,Green,2,0.04,24,13.9
#8C0034,Pink,2,0.04,10,5.8
#0C0C04,Black,2,0.04,84,48.5
#919441,Yellow,2,0.04,4,2.3
#A80030,Pink,2,0.04,48,27.7
#509721,Green,2,0.04,60,34.6
#805400,Brown,2,0.04,26,15.0
#105088,Blue,2,0.04,60,34.6
#324114,Green,2,0.04,26,15.0
#004428,Green,2,0.04,230,132.8
#777733,Yellow,2,0.04,60,34.6
#C87018,Orange,2,0.04,128,73.9
#1A5137,Green,2,0.04,40,23.1
#DFAF00,Yellow,2,0.04,8,4.6
#64A0F0,Blue,2,0.04,8,4.6
#542050,Pink,2,0.04,46,26.6
#007418,Green,2,0.04,48,27.7
#207C58,Green,2,0.04,22,12.7
#D0C4B4,Orange,2,0.04,8,4.6
#4169E1,Blue,2,0.04,62,35.8
#2F2F4F,Blue,2,0.04,35,20.2
#507830,Green,2,0.04,24,13.9
#B13836,Red,2,0.04,6,3.5
#1C0030,Purple,2,0.04,36,20.8
#FCFCDC,Yellow,2,0.04,36,20.8
#0E1014,Black,2,0.04,24,13.9
#003000,Green,2,0.04,21,12.1
#A5CDB4,Green,2,0.04,36,20.8
#7C3C74,Pink,2,0.04,14,8.1
#64889C,Blue,2,0.04,60,34.6
#F0BCBC,Pink,2,0.04,4,2.3
#76A3B9,Blue,2,0.04,48,27.7
#C8BC94,Yellow,2,0.04,40,23.1
#49653F,Green,2,0.04,14,8.1
#14492D,Green,2,0.04,20,11.5
#E2AF2C,Orange,2,0.04,40,23.1
#2A3C78,Blue,2,0.04,20,11.5
#AC292C,Red,2,0.04,4,2.3
#585C20,Yellow,2,0.04,38,21.9
#9E3552,Pink,2,0.04,76,43.9
#6080E0,Blue,2,0.04,32,18.5
#1C3054,Blue,2,0.04,32,18.5
#112F4B,Blue,2,0.04,40,23.1
#51200F,Brown,2,0.04,28,16.2
#DC5078,Pink,2,0.04,52,30.0
#944090,Pink,2,0.04,20,11.5
#ECB034,Orange,2,0.04,24,13.9
#B0840C,Brown,2,0.04,64,36.9
#587C40,Green,2,0.04,12,6.9
#34445C,Blue,2,0.04,60,34.6
#A06400,Brown,2,0.04,84,48.5
#667AA3,Blue,2,0.04,70,40.4
#397D02,Green,2,0.04,50,28.9
#642000,Brown,2,0.04,20,11.5
#889C5C,Green,2,0.04,120,69.3
#B8DCC8,Green,2,0.04,14,8.1
#F4F8D0,Yellow,2,0.04,40,23.1
#E8DDCB,Orange,2,0.04,162,93.5
#501414,Red,2,0.04,24,13.9
#506987,Blue,2,0.04,24,13.9
#488CC0,Blue,2,0.04,12,6.9
#B8A82C,Yellow,2,0.04,8,4.6
#204000,Green,2,0.04,60,34.6
#CD3700,Brown,2,0.04,20,11.5
#3C8CFC,Blue,2,0.04,6,3.5
#F5DCA0,Orange,2,0.04,48,27.7
#B42864,Pink,2,0.04,4,2.3
#282850,Blue,2,0.04,36,20.8
#3B5554,Teal,2,0.04,120,69.3
#F9C75C,Orange,2,0.04,54,31.2
#F0E200,Yellow,2,0.04,8,4.6
#F5D38B,Orange,2,0.04,124,71.6
#3D1130,Pink,2,0.04,32,18.5
#3C0014,Pink,2,0.04,18,10.4
#90000C,Red,2,0.04,6,3.5
#D8C800,Yellow,2,0.04,6,3.5
#78240C,Brown,2,0.04,32,18.5
#AC0040,Pink,2,0.04,32,18.5
#004828,Green,2,0.04,48,27.7
#783C10,Brown,2,0.04,16,9.2
#640054,Pink,2,0.04,20,11.5
#ECE8CC,Yellow,2,0.04,100,57.7
#7878A8,Blue,2,0.04,10,5.8
#0F1F53,Blue,2,0.04,15,8.7
#141010,Black,2,0.04,40,23.1
#1E90FF,Blue,1,0.02,4,2.3
#D4380C,Orange,1,0.02,48,27.7
#C89664,Orange,1,0.02,26,15.0
#525014,Yellow,1,0.02,32,18.5
#A0AFE7,Blue,1,0.02,2,1.2
#58BC60,Green,1,0.02,6,3.5
#6AA28C,Green,1,0.02,10,5.8
#307CB8,Blue,1,0.02,6,3.5
#335280,Blue,1,0.02,24,13.9
#843470,Pink,1,0.02,4,2.3
#C0C8CC,Blue,1,0.02,6,3.5
#F8EEB7,Yellow,1,0.02,70,40.4
#D91828,Red,1,0.02,62,35.8
#606000,Yellow,1,0.02,12,6.9
#379313,Green,1,0.02,4,2.3
#000C14,Black,1,0.02,4,2.3
#00801C,Green,1,0.02,60,34.6
#301130,Pink,1,0.02,88,50.8
#807080,Grey,1,0.02,8,4.6
#50818E,Teal,1,0.02,34,19.6
#644C60,Pink,1,0.02,116,67.0
#88609C,Purple,1,0.02,20,11.5
#A4CC74,Green,1,0.02,20,11.5
#FEF67A,Yellow,1,0.02,4,2.3
#A6A8A5,Grey,1,0.02,4,2.3
#A86C1C,Brown,1,0.02,8,4.6
#002859,Blue,1,0.02,44,25.4
#98B480,Green,1,0.02,28,16.2
#061D37,Blue,1,0.02,124,71.6
#2A230C,Yellow,1,0.02,6,3.5
#5A5A96,Blue,1,0.02,88,50.8
#9E411F,Brown,1,0.02,8,4.6
#A07C00,Yellow,1,0.02,6,3.5
#50729F,Blue,1,0.02,140,80.8
#5C748C,Blue,1,0.02,24,13.9
#7D776B,Grey,1,0.02,6,3.5
#80252E,Red,1,0.02,68,39.3
#7CA8CC,Blue,1,0.02,30,17.3
#9CB0A8,Green,1,0.02,8,4.6
#B5B5D5,Blue,1,0.02,8,4.6
#0064AC,Blue,1,0.02,24,13.9
#788CF0,Blue,1,0.02,12,6.9
#2828C8,Blue,1,0.02,64,36.9
#7C5428,Brown,1,0.02,56,32.3
#B0A458,Yellow,1,0.02,16,9.2
#DA412D,Red,1,0.02,54,31.2
#608C9C,Blue,1,0.02,24,13.9
#BCA06C,Orange,1,0.02,8,4.6
#C4B888,Yellow,1,0.02,6,3.5
#281414,Red,1,0.02,6,3.5
#B80478,Pink,1,0.02,62,35.8
#4CA4D8,Blue,1,0.02,52,30.0
#A45098,Pink,1,0.02,52,30.0
#648860,Green,1,0.02,84,48.5
#003EFF,Blue,1,0.02,8,4.6
#DCECF4,Blue,1,0.02,34,19.6
#DA70D6,Pink,1,0.02,10,5.8
#9CA8B0,Blue,1,0.02,12,6.9
#60949C,Teal,1,0.02,24,13.9
#9C589C,Pink,1,0.02,4,2.3
#8CDC74,Green,1,0.02,6,3.5
#8C6088,Pink,1,0.02,2,1.2
#6C6C00,Yellow,1,0.02,28,16.2
#FF7163,Red,1,0.02,6,3.5
#F6EDE8,Orange,1,0.02,6,3.5
#8B4513,Brown,1,0.02,50,28.9
#90B8D0,Blue,1,0.02,64,36.9
#F5B800,Yellow,1,0.02,2,1.2
#444847,Grey,1,0.02,4,2.3
#C8E040,Yellow,1,0.02,4,2.3
#F0DA0F,Yellow,1,0.02,4,2.3
#21412D,Green,1,0.02,36,20.8
#2C4E75,Blue,1,0.02,26,15.0
#716044,Brown,1,0.02,24,13.9
#4A708B,Blue,1,0.02,6,3.5
#69674D,Yellow,1,0.02,36,20.8
#54B8B8,Teal,1,0.02,8,4.6
#784400,Brown,1,0.02,4,2.3
#985428,Brown,1,0.02,16,9.2
#A52B05,Brown,1,0.02,20,11.5
#B0986C,Orange,1,0.02,4,2.3
#EFF265,Yellow,1,0.02,10,5.8
#283890,Blue,1,0.02,26,15.0
#ABCDD9,Blue,1,0.02,80,46.2
#C71585,Pink,1,0.02,10,5.8
#DAA520,Orange,1,0.02,6,3.5
#522720,Red,1,0.02,16,9.2
#800030,Pink,1,0.02,20,11.5
#A99C8B,Orange,1,0.02,12,6.9
#FCDC3C,Yellow,1,0.02,24,13.9
#4A7472,Teal,1,0.02,40,23.1
#484C68,Blue,1,0.02,110,63.5
#F8ECE0,Orange,1,0.02,48,27.7
#3C5CA8,Blue,1,0.02,6,3.5
#744C34,Brown,1,0.02,40,23.1
#382074,Blue,1,0.02,60,34.6
#445C24,Green,1,0.02,26,15.0
#D8A810,Yellow,1,0.02,82,47.3
#B03929,Red,1,0.02,4,2.3
#D60619,Red,1,0.02,66,38.1
#1068A4,Blue,1,0.02,74,42.7
#F6C42B,Yellow,1,0.02,6,3.5
#C8C44C,Yellow,1,0.02,18,10.4
#BCC41C,Yellow,1,0.02,6,3.5
#3A3532,Grey,1,0.02,28,16.2
#347C3C,Green,1,0.02,44,25.4
#58BC70,Green,1,0.02,8,4.6
#68C060,Green,1,0.02,52,30.0
#75786C,Grey,1,0.02,6,3.5
#3F0035,Pink,1,0.02,10,5.8
#2C5C44,Green,1,0.02,42,24.2
#845814,Brown,1,0.02,108,62.3
#894B18,Brown,1,0.02,32,18.5
#3063A5,Blue,1,0.02,20,11.5
#B49440,Orange,1,0.02,70,40.4
#95765B,Orange,1,0.02,6,3.5
#5A6E90,Blue,1,0.02,16,9.2
#1B835D,Green,1,0.02,64,36.9
#CB15AB,Pink,1,0.02,6,3.5
#542470,Purple,1,0.02,6,3.5
#00A0AC,Teal,1,0.02,12,6.9
#6C2012,Red,1,0.02,32,18.5
#347400,Green,1,0.02,32,18.5
#4B2F16,Brown,1,0.02,10,5.8
#6F8070,Grey,1,0.02,10,5.8
#F2FD00,Yellow,1,0.02,2,1.2
#A8A098,Grey,1,0.02,2,1.2
#CCC7AD,Yellow,1,0.02,2,1.2
#888C48,Yellow,1,0.02,4,2.3
#54585C,Grey,1,0.02,10,5.8
#0CDCB4,Teal,1,0.02,6,3.5
#832A4F,Pink,1,0.02,10,5.8
#708490,Blue,1,0.02,40,23.1
#5F7490,Blue,1,0.02,60,34.6
#ADBEE9,Blue,1,0.02,12,6.9
#FFC125,Orange,1,0.02,6,3.5
#F8E4BC,Orange,1,0.02,24,13.9
#DC4038,Red,1,0.02,38,21.9
#3C6838,Green,1,0.02,56,32.3
#944CB8,Purple,1,0.02,6,3.5
#783080,Purple,1,0.02,10,5.8
#C4AC88,Orange,1,0.02,48,27.7
#D02090,Pink,1,0.02,4,2.3
#669999,Teal,1,0.02,50,28.9
#D0B404,Yellow,1,0.02,6,3.5
#20943C,Green,1,0.02,64,36.9
#906C00,Yellow,1,0.02,8,4.6
#983020,Red,1,0.02,4,2.3
#8C5C64,Red,1,0.02,128,73.9
#481C40,Pink,1,0.02,6,3.5
#2C2C44,Blue,1,0.02,84,48.5
#C0A494,Orange,1,0.02,4,2.3
#2F0D0A,Red,1,0.02,28,16.2
#589454,Green,1,0.02,72,41.6
#A43024,Red,1,0.02,120,69.3
#743838,Red,1,0.02,46,26.6
#50507C,Blue,1,0.02,32,18.5
#589C5C,Green,1,0.02,4,2.3
#746078,Purple,1,0.02,64,36.9
#202044,Blue,1,0.02,32,18.5
#2D3743,Blue,1,0.02,18,10.4
#A0B8A4,Green,1,0.02,6,3.5
#D0B480,Orange,1,0.02,4,2.3
#683C66,Pink,1,0.02,28,16.2
#D0D0A8,Yellow,1,0.02,4,2.3
#4C2874,Purple,1,0.02,56,32.3
#CC99FF,Purple,1,0.02,12,6.9
#7EC0EE,Blue,1,0.02,27,15.6
#009C24,Green,1,0.02,20,11.5
#907048,Orange,1,0.02,32,18.5
#344454,Blue,1,0.02,48,27.7
#A01D69,Pink,1,0.02,2,1.2
#405460,Blue,1,0.02,40,23.1
#208414,Green,1,0.02,4,2.3
#6060C8,Blue,1,0.02,66,38.1
#3C3CB4,Blue,1,0.02,80,46.2
#287828,Green,1,0.02,26,15.0
#321308,Brown,1,0.02,4,2.3
#746440,Brown,1,0.02,70,40.4
#7D9EC0,Blue,1,0.02,14,8.1
#D07878,Red,1,0.02,2,1.2
#9F5F9F,Pink,1,0.02,30,17.3
#B0E2FF,Blue,1,0.02,4,2.3
#746450,Brown,1,0.02,8,4.6
#3F0FFE,Blue,1,0.02,42,24.2
#344C14,Green,1,0.02,10,5.8
#311F11,Brown,1,0.02,12,6.9
#B41C34,Red,1,0.02,14,8.1
#70B494,Green,1,0.02,28,16.2
#4682B4,Blue,1,0.02,28,16.2
#C8D8DC,Teal,1,0.02,6,3.5
#ACAD9F,Grey,1,0.02,8,4.6
#B0DEDF,Teal,1,0.02,24,13.9
#41418C,Blue,1,0.02,8,4.6
#AA3746,Red,1,0.02,8,4.6
#36924F,Green,1,0.02,4,2.3
#7C98BC,Blue,1,0.02,12,6.9
#3B522F,Green,1,0.02,12,6.9
#707830,Yellow,1,0.02,24,13.9
#A87448,Orange,1,0.02,60,34.6
#B4BEE6,Blue,1,0.02,36,20.8
#87CEEB,Blue,1,0.02,100,57.7
#00A424,Green,1,0.02,6,3.5
#FFE1FF,Pink,1,0.02,8,4.6
#5C4494,Purple,1,0.02,2,1.2
#546488,Blue,1,0.02,38,21.9
#645541,Brown,1,0.02,22,12.7
#3C68AC,Blue,1,0.02,4,2.3
#247078,Teal,1,0.02,4,2.3
#BB62CE,Purple,1,0.02,6,3.5
#505444,Green,1,0.02,32,18.5
#9080B8,Blue,1,0.02,10,5.8
#706420,Yellow,1,0.02,6,3.5
#A49468,Orange,1,0.02,16,9.2
#448C28,Green,1,0.02,20,11.5
#080020,Black,1,0.02,6,3.5
#D8E8E8,Teal,1,0.02,85,49.1
#8C90B0,Blue,1,0.02,2,1.2
#D85C28,Orange,1,0.02,2,1.2
#663300,Brown,1,0.02,22,12.7
#1C4C60,Blue,1,0.02,8,4.6
#213E66,Blue,1,0.02,40,23.1
#A5AFB8,Blue,1,0.02,34,19.6
#7490A4,Blue,1,0.02,20,11.5
#20001C,Black,1,0.02,52,30.0
#5838A4,Blue,1,0.02,28,16.2
#206058,Teal,1,0.02,30,17.3
#8968CD,Purple,1,0.02,8,4.6
#7884A0,Blue,1,0.02,46,26.6
#D8CCE0,Purple,1,0.02,50,28.9
#8FAEC3,Blue,1,0.02,16,9.2
#BCA010,Yellow,1,0.02,6,3.5
#547C73,Teal,1,0.02,2,1.2
#E4CCA4,Orange,1,0.02,4,2.3
#165041,Green,1,0.02,32,18.5
#4C5068,Blue,1,0.02,16,9.2
#1E1414,Red,1,0.02,48,27.7
#846844,Brown,1,0.02,80,46.2
#314B30,Green,1,0.02,56,32.3
#0B148E,Blue,1,0.02,28,16.2
#483824,Brown,1,0.02,120,69.3
#88A8B8,Blue,1,0.02,64,36.9
#387858,Green,1,0.02,24,13.9
#75A481,Green,1,0.02,36,20.8
#405068,Blue,1,0.02,46,26.6
#D0B06C,Orange,1,0.02,60,34.6
#DEB887,Orange,1,0.02,8,4.6
#2F4F2F,Green,1,0.02,24,13.9
#B8C4C8,Teal,1,0.02,60,34.6
#D0D40C,Yellow,1,0.02,8,4.6
#E8E4D0,Yellow,1,0.02,32,18.5
#685838,Brown,1,0.02,44,25.4
#B45C6C,Red,1,0.02,6,3.5
#006080,Blue,1,0.02,48,27.7
#48788C,Blue,1,0.02,6,3.5
#F4F8C8,Yellow,1,0.02,10,5.8
#54CC00,Green,1,0.02,28,16.2
#3C5470,Blue,1,0.02,60,34.6
#3C0000,Red,1,0.02,12,6.9
#809850,Green,1,0.02,60,34.6
#B8C8D4,Blue,1,0.02,2,1.2
#00C957,Green,1,0.02,42,24.2
#C0C4A0,Yellow,1,0.02,40,23.1
#B44440,Red,1,0.02,8,4.6
#688C28,Green,1,0.02,8,4.6
#283C00,Green,1,0.02,20,11.5
#78788C,Grey,1,0.02,40,23.1
#B45050,Red,1,0.02,22,12.7
#446428,Green,1,0.02,12,6.9
#C02000,Red,1,0.02,3,1.7
#F6A4D5,Pink,1,0.02,10,5.8
#EE9A00,Orange,1,0.02,6,3.5
#6CA6CD,Blue,1,0.02,4,2.3
#1464F4,Blue,1,0.02,48,27.7
#F6799F,Pink,1,0.02,6,3.5
#453128,Brown,1,0.02,32,18.5
#549C68,Green,1,0.02,32,18.5
#002C04,Black,1,0.02,20,11.5
#1874CD,Blue,1,0.02,40,23.1
#99182C,Red,1,0.02,34,19.6
#345064,Blue,1,0.02,32,18.5
#283C50,Blue,1,0.02,12,6.9
#4074A4,Blue,1,0.02,44,25.4
#445464,Blue,1,0.02,44,25.4
#607C88,Blue,1,0.02,8,4.6
#406454,Green,1,0.02,44,25.4
#403828,Brown,1,0.02,16,9.2
#583014,Brown,1,0.02,20,11.5
#4876FF,Blue,1,0.02,6,3.5
#5C4033,Brown,1,0.02,26,15.0
#00FA9A,Green,1,0.02,2,1.2
#68205C,Pink,1,0.02,62,35.8
#7C045C,Pink,1,0.02,6,3.5
#067396,Teal,1,0.02,30,17.3
#405C34,Green,1,0.02,32,18.5
#204844,Teal,1,0.02,22,12.7
#7C583C,Brown,1,0.02,28,16.2
#D8C888,Yellow,1,0.02,4,2.3
#963C0F,Brown,1,0.02,8,4.6
#820BBB,Purple,1,0.02,46,26.6
#427E89,Teal,1,0.02,92,53.1
#8B5DA3,Purple,1,0.02,10,5.8
#256527,Green,1,0.02,10,5.8
#766123,Brown,1,0.02,10,5.8
#709098,Teal,1,0.02,4,2.3
#60082C,Pink,1,0.02,24,13.9
#CBC1A4,Orange,1,0.02,30,17.3
#504992,Blue,1,0.02,24,13.9
#4B3971,Purple,1,0.02,6,3.5
#FFF68F,Yellow,1,0.02,2,1.2
#96C8A2,Green,1,0.02,20,11.5
#343400,Yellow,1,0.02,16,9.2
#6C2400,Brown,1,0.02,128,73.9
#2C6C80,Teal,1,0.02,32,18.5
#843480,Pink,1,0.02,6,3.5
#443048,Purple,1,0.02,22,12.7
#86B0CB,Blue,1,0.02,8,4.6
#97967D,Yellow,1,0.02,34,19.6
#D4E8F4,Blue,1,0.02,14,8.1
#A43C14,Brown,1,0.02,6,3.5
#001F5C,Blue,1,0.02,54,31.2
#C4B48C,Orange,1,0.02,36,20.8
#996600,Brown,1,0.02,4,2.3
#3366CC,Blue,1,0.02,28,16.2
#669900,Green,1,0.02,8,4.6
#142814,Green,1,0.02,26,15.0
#747C60,Green,1,0.02,24,13.9
#A2A093,Grey,1,0.02,22,12.7
#1E2925,Green,1,0.02,120,69.3
#47426A,Blue,1,0.02,10,5.8
#A37A28,Brown,1,0.02,8,4.6
#4C3400,Brown,1,0.02,26,15.0
#2C6464,Teal,1,0.02,40,23.1
#C07468,Red,1,0.02,40,23.1
#640C1C,Red,1,0.02,6,3.5
#523E60,Purple,1,0.02,40,23.1
#8B2316,Red,1,0.02,10,5.8
#A89480,Orange,1,0.02,27,15.6
#FCF8E0,Yellow,1,0.02,8,4.6
#581C24,Red,1,0.02,6,3.5
#C46864,Red,1,0.02,40,23.1
#E09CA0,Pink,1,0.02,44,25.4
#384020,Green,1,0.02,10,5.8
#7995DD,Blue,1,0.02,48,27.7
#64B0E0,Blue,1,0.02,24,13.9
#446C84,Blue,1,0.02,38,21.9
#D7A0B5,Pink,1,0.02,8,4.6
#284C64,Blue,1,0.02,4,2.3
#DCB824,Yellow,1,0.02,4,2.3
#002C70,Blue,1,0.02,40,23.1
#C464FA,Purple,1,0.02,18,10.4
#243C6C,Blue,1,0.02,22,12.7
#9EAFDB,Blue,1,0.02,6,3.5
#1F5ABA,Blue,1,0.02,24,13.9
#10712E,Green,1,0.02,48,27.7
#6A1058,Pink,1,0.02,16,9.2
#D87000,Orange,1,0.02,10,5.8
#00B8B4,Teal,1,0.02,32,18.5
#F5B92F,Orange,1,0.02,32,18.5
#2E8B57,Green,1,0.02,6,3.5
#506464,Teal,1,0.02,22,12.7
#005C20,Green,1,0.02,138,79.7
#E0DCE0,Grey,1,0.02,22,12.7
#53326B,Purple,1,0.02,24,13.9
#E1F231,Yellow,1,0.02,6,3.5
#887448,Brown,1,0.02,32,18.5
#A51805,Red,1,0.02,10,5.8
#ACB884,Green,1,0.02,48,27.7
#2D695F,Teal,1,0.02,12,6.9
#FFF542,Yellow,1,0.02,4,2.3
#31443E,Green,1,0.02,12,6.9
#BD3341,Red,1,0.02,8,4.6
#2D376C,Blue,1,0.02,10,5.8
#D8C4F0,Purple,1,0.02,8,4.6
#D054A4,Pink,1,0.02,8,4.6
#255210,Green,1,0.02,50,28.9
#0A0336,Blue,1,0.02,40,23.1
#688038,Green,1,0.02,24,13.9
#AC7F24,Brown,1,0.02,34,19.6
#345460,Blue,1,0.02,32,18.5
#486373,Blue,1,0.02,18,10.4
#B8A47C,Orange,1,0.02,60,34.6
#A0C0FF,Blue,1,0.02,32,18.5
#FFFF80,Yellow,1,0.02,32,18.5
#40A040,Green,1,0.02,32,18.5
#D9B152,Orange,1,0.02,4,2.3
#407040,Green,1,0.02,12,6.9
#103848,Blue,1,0.02,84,48.5
#C83C28,Red,1,0.02,48,27.7
#684038,Red,1,0.02,70,40.4
#FF6666,Red,1,0.02,12,6.9
#9CACB8,Blue,1,0.02,16,9.2
#2C4C68,Blue,1,0.02,152,87.7
#A86C2C,Brown,1,0.02,16,9.2
#9C8098,Pink,1,0.02,48,27.7
#C8A050,Orange,1,0.02,4,2.3
#23613C,Green,1,0.02,16,9.2
#D6BEB4,Orange,1,0.02,4,2.3
#60707C,Blue,1,0.02,12,6.9
#738182,Grey,1,0.02,34,19.6
#A67D3D,Orange,1,0.02,14,8.1
#1B2401,Black,1,0.02,1,0.6
#1C0000,Black,1,0.02,6,3.5
#081408,Black,1,0.02,9,5.2
#233634,Teal,1,0.02,56,32.3
#215E4E,Green,1,0.02,16,9.2
#88ACB8,Blue,1,0.02,62,35.8
#7C7D5D,Yellow,1,0.02,22,12.7
#486934,Green,1,0.02,20,11.5
#414C6C,Blue,1,0.02,38,21.9
#EBB790,Orange,1,0.02,12,6.9
#4B0082,Purple,1,0.02,4,2.3
#7C4420,Brown,1,0.02,12,6.9
#94ACB8,Blue,1,0.02,96,55.4
#784878,Pink,1,0.02,48,27.7
#2888B8,Blue,1,0.02,4,2.3
#B000B0,Pink,1,0.02,8,4.6
#A8A834,Yellow,1,0.02,8,4.6
#D8D0D0,Grey,1,0.02,38,21.9
#20483C,Green,1,0.02,4,2.3
#405C80,Blue,1,0.02,4,2.3
#D4D0B4,Yellow,1,0.02,4,2.3
#305470,Blue,1,0.02,36,20.8
#683C10,Brown,1,0.02,20,11.5
#757547,Yellow,1,0.02,44,25.4
#4A4464,Blue,1,0.02,32,18.5
#D24D46,Red,1,0.02,18,10.4
#506B71,Teal,1,0.02,24,13.9
#F47420,Orange,1,0.02,6,3.5
#CC8024,Orange,1,0.02,12,6.9
#785050,Red,1,0.02,16,9.2
#113C8B,Blue,1,0.02,60,34.6
#543858,Purple,1,0.02,24,13.9
#006B54,Teal,1,0.02,48,27.7
#947040,Brown,1,0.02,32,18.5
#3D8B37,Green,1,0.02,60,34.6
#688CA4,Blue,1,0.02,84,48.5
#5CAC84,Green,1,0.02,38,21.9
#BDBD65,Yellow,1,0.02,20,11.5
#38558F,Blue,1,0.02,16,9.2
#A47800,Brown,1,0.02,8,4.6
#485444,Green,1,0.02,12,6.9
#C09458,Orange,1,0.02,26,15.0
#00243C,Blue,1,0.02,8,4.6
#7EB6FF,Blue,1,0.02,4,2.3
#C87058,Orange,1,0.02,10,5.8
#B894BC,Purple,1,0.02,40,23.1
#103010,Green,1,0.02,88,50.8
#3953B5,Blue,1,0.02,12,6.9
#48587C,Blue,1,0.02,28,16.2
#805A90,Purple,1,0.02,16,9.2
#009420,Green,1,0.02,16,9.2
#808834,Yellow,1,0.02,160,92.4
#684074,Purple,1,0.02,24,13.9
#D4DCE0,Blue,1,0.02,8,4.6
#8C98B8,Blue,1,0.02,4,2.3
#242470,Blue,1,0.02,24,13.9
#B0B430,Yellow,1,0.02,4,2.3
#A46000,Brown,1,0.02,36,20.8
#A05028,Brown,1,0.02,12,6.9
#B07064,Red,1,0.02,32,18.5
#78A692,Green,1,0.02,16,9.2
#DC143C,Red,1,0.02,6,3.5
#B49830,Yellow,1,0.02,4,2.3
#2B0064,Purple,1,0.02,42,24.2
#5D1913,Red,1,0.02,104,60.0
#70714D,Yellow,1,0.02,8,4.6
#9932CC,Purple,1,0.02,54,31.2
#B6DF1A,Green,1,0.02,10,5.8
#383F44,Grey,1,0.02,60,34.6
#AF0013,Red,1,0.02,64,36.9
#80A0B4,Blue,1,0.02,54,31.2
#70A880,Green,1,0.02,54,31.2
#A000F0,Purple,1,0.02,32,18.5
#505874,Blue,1,0.02,38,21.9
#AF011C,Red,1,0.02,3,1.7
#F8F0D0,Yellow,1,0.02,62,35.8
#2CA418,Green,1,0.02,4,2.3
#2C3C40,Teal,1,0.02,28,16.2
#44481C,Yellow,1,0.02,22,12.7
#70142C,Pink,1,0.02,4,2.3
#3C7828,Green,1,0.02,24,13.9
#0C003C,Blue,1,0.02,76,43.9
#480C3C,Pink,1,0.02,12,6.9
#1C2448,Blue,1,0.02,22,12.7
#230000,Black,1,0.02,20,11.5
#E43418,Red,1,0.02,84,48.5
#B04800,Brown,1,0.02,40,23.1
#43A5A0,Teal,1,0.02,2,1.2
#586478,Blue,1,0.02,86,49.6
#E4E0B8,Yellow,1,0.02,8,4.6
#587478,Teal,1,0.02,60,34.6
#646C64,Grey,1,0.02,40,23.1
#123D59,Blue,1,0.02,16,9.2
#0051B6,Blue,1,0.02,15,8.7
#FFFFAA,Yellow,1,0.02,8,4.6
#506078,Blue,1,0.02,84,48.5
#010512,Black,1,0.02,40,23.1
#70A870,Green,1,0.02,32,18.5
#C47000,Brown,1,0.02,38,21.9
#B46800,Brown,1,0.02,28,16.2
#80507C,Pink,1,0.02,6,3.5
#5C98BC,Blue,1,0.02,42,24.2
#7C8679,Grey,1,0.02,2,1.2
#33A1C9,Blue,1,0.02,40,23.1
#6C5454,Red,1,0.02,20,11.5
#907C80,Grey,1,0.02,4,2.3
#28140C,Brown,1,0.02,12,6.9
#CCD8E4,Blue,1,0.02,6,3.5
#84407C,Pink,1,0.02,4,2.3
#6A5E47,Brown,1,0.02,94,54.3
#604C00,Yellow,1,0.02,12,6.9
#BCAC6C,Yellow,1,0.02,6,3.5
#8C5818,Brown,1,0.02,12,6.9
#007844,Green,1,0.02,28,16.2
#6480AC,Blue,1,0.02,44,25.4
#380474,Purple,1,0.02,80,46.2
#FC9CD4,Pink,1,0.02,44,25.4
#473C8B,Blue,1,0.02,16,9.2
#C03824,Red,1,0.02,14,8.1
#907B53,Orange,1,0.02,8,4.6
#A89448,Yellow,1,0.02,52,30.0
#084848,Teal,1,0.02,28,16.2
#A4B4CC,Blue,1,0.02,16,9.2
#3A4F8E,Blue,1,0.02,12,6.9
#949C40,Yellow,1,0.02,28,16.2
#318CE7,Blue,1,0.02,70,40.4
#FC2020,Red,1,0.02,72,41.6
#4830A0,Blue,1,0.02,64,36.9
#D8C0A4,Orange,1,0.02,84,48.5
#648070,Green,1,0.02,20,11.5
#A08CB0,Purple,1,0.02,10,5.8
#64003C,Pink,1,0.02,4,2.3
#2E2528,Pink,1,0.02,24,13.9
#3048B4,Blue,1,0.02,32,18.5
#206084,Blue,1,0.02,56,32.3
#38885C,Green,1,0.02,36,20.8
#EECFA1,Orange,1,0.02,4,2.3
#8A2BE2,Purple,1,0.02,8,4.6
#28AE7B,Green,1,0.02,8,4.6
#B4B1B3,Grey,1,0.02,4,2.3
#008C54,Green,1,0.02,18,10.4
#58788C,Blue,1,0.02,6,3.5
#4C84C4,Blue,1,0.02,30,17.3
#782828,Red,1,0.02,16,9.2
#646F5E,Grey,1,0.02,44,25.4
#E8D468,Yellow,1,0.02,6,3.5
#283854,Blue,1,0.02,60,34.6
#C06430,Orange,1,0.02,28,16.2
#5F9EA0,Teal,1,0.02,41,23.7
#94ACC4,Blue,1,0.02,50,28.9
#D0C888,Yellow,1,0.02,4,2.3
#A8608C,Pink,1,0.02,8,4.6
#946880,Pink,1,0.02,16,9.2
#238E68,Green,1,0.02,6,3.5
#344870,Blue,1,0.02,34,19.6
#A060BC,Purple,1,0.02,8,4.6
#004878,Blue,1,0.02,12,6.9
#9800A0,Purple,1,0.02,6,3.5
#FCC8D8,Pink,1,0.02,64,36.9
#3C94D4,Blue,1,0.02,6,3.5
#906C50,Orange,1,0.02,54,31.2
#A474E0,Purple,1,0.02,40,23.1
#B4D4EC,Blue,1,0.02,60,34.6
#603030,Red,1,0.02,78,45.0
#F4758C,Red,1,0.02,30,17.3
#005800,Green,1,0.02,10,5.8
#248034,Green,1,0.02,20,11.5
#84C0A0,Green,1,0.02,12,6.9
#848870,Grey,1,0.02,40,23.1
#A88C58,Orange,1,0.02,40,23.1
#497681,Teal,1,0.02,30,17.3
#ECBE42,Orange,1,0.02,2,1.2
#843C50,Pink,1,0.02,10,5.8
#644824,Brown,1,0.02,72,41.6
